2026/10/08 19:16:21.288, P0, 1890, 12.81, 948, 0
2026/10/08 19:16:21.550, P0, 1890, 12.81, 948, 0
2026/10/08 19:16:21.812, P3, 1890, 11.70, 948, 1
2026/10/08 19:16:22.075, P3, 1890, 11.70, 948, 1
2026/10/08 19:16:22.337, P3, 1890, 12.46, 948, 1
2026/10/08 19:16:22.600, P3, 1890, 12.46, 948, 1
2026/10/08 19:16:22.862, P3, 1890, 11.59, 948, 0
2026/10/08 19:16:23.126, P3, 1890, 11.59, 948, 0
2026/10/08 19:16:23.389, P3, 1890, 11.78, 948, 1
2026/10/08 19:16:23.652, P3, 1890, 11.78, 948, 1
2026/10/08 19:16:23.914, P3, 1890, 11.61, 948, 0
2026/10/08 19:16:24.176, P3, 1890, 11.61, 948, 0
2026/10/08 19:16:24.437, P3, 1890, 11.67, 948, 1
2026/10/08 19:16:24.699, P3, 1890, 11.67, 948, 1
2026/10/08 19:16:24.960, P3, 1890, 11.68, 948, 1
2026/10/08 19:16:25.223, P3, 1890, 11.68, 948, 1
2026/10/08 19:16:25.486, P3, 1890, 11.69, 948, 0
2026/10/08 19:16:25.749, P3, 1890, 11.69, 948, 0
2026/10/08 19:16:26.011, P3, 1890, 11.62, 948, 1
2026/10/08 19:16:26.273, P3, 1890, 11.55, 948, 0
2026/10/08 19:16:26.536, P3, 1890, 11.55, 948, 0
2026/10/08 19:16:26.797, P5, 435, 11.79, 948, 1
2026/10/08 19:16:27.058, P5, 435, 11.79, 948, 1
2026/10/08 19:16:27.319, P8, 345, 8.23, 948, 3
2026/10/08 19:16:27.582, P8, 345, 8.23, 948, 3
2026/10/08 19:16:27.843, P8, 300, 6.49, 948, 0
2026/10/08 19:16:28.106, P8, 300, 6.49, 948, 0
2026/10/08 19:16:28.368, P8, 225, 4.70, 948, 6
2026/10/08 19:16:28.629, P8, 225, 4.70, 948, 6
2026/10/08 19:16:28.890, P8, 210, 3.90, 948, 0
2026/10/08 19:16:29.152, P8, 210, 3.90, 948, 0
2026/10/08 19:16:29.414, P8, 210, 3.81, 948, 6
2026/10/08 19:16:29.676, P8, 210, 3.81, 948, 6
2026/10/08 19:16:29.939, P8, 210, 3.81, 948, 2
2026/10/08 19:16:30.204, P8, 210, 3.81, 948, 2
2026/10/08 19:16:30.466, P8, 210, 3.83, 948, 0
2026/10/08 19:16:30.728, P8, 210, 3.83, 948, 0
2026/10/08 19:16:30.989, P8, 210, 3.78, 948, 6
2026/10/08 19:16:31.250, P8, 210, 3.78, 948, 6
2026/10/08 19:16:31.511, P8, 210, 3.73, 948, 0
2026/10/08 19:16:31.772, P8, 210, 3.78, 948, 6
2026/10/08 19:16:32.035, P8, 210, 3.78, 948, 6
2026/10/08 19:16:32.298, P8, 210, 3.78, 948, 0
2026/10/08 19:16:32.560, P8, 210, 3.78, 948, 0
2026/10/08 19:16:32.822, P8, 210, 3.74, 948, 0
2026/10/08 19:16:33.084, P8, 210, 3.74, 948, 0
2026/10/08 19:16:33.347, P8, 210, 3.74, 948, 6
2026/10/08 19:16:33.609, P8, 210, 3.74, 948, 6
2026/10/08 19:16:33.870, P8, 210, 3.81, 948, 0
2026/10/08 19:16:34.133, P8, 210, 3.81, 948, 0
2026/10/08 19:16:34.395, P8, 210, 3.86, 948, 6
2026/10/08 19:16:34.656, P8, 210, 3.86, 948, 6
2026/10/08 19:16:34.918, P8, 210, 3.78, 948, 0
2026/10/08 19:16:35.181, P8, 210, 3.78, 948, 0
2026/10/08 19:16:35.443, P8, 210, 3.74, 948, 0
2026/10/08 19:16:35.705, P8, 210, 3.74, 948, 0
2026/10/08 19:16:35.967, P8, 210, 3.78, 948, 6
2026/10/08 19:16:36.228, P8, 210, 3.78, 948, 6
2026/10/08 19:16:36.490, P8, 210, 3.79, 948, 0
2026/10/08 19:16:36.751, P8, 210, 3.79, 948, 0
2026/10/08 19:16:37.014, P8, 210, 3.78, 948, 6
2026/10/08 19:16:37.276, P8, 210, 3.74, 948, 0
2026/10/08 19:16:37.538, P8, 210, 3.74, 948, 0
2026/10/08 19:16:37.800, P8, 210, 3.79, 948, 0
2026/10/08 19:16:38.063, P8, 210, 3.79, 948, 0
2026/10/08 19:16:38.325, P8, 210, 3.85, 948, 6
2026/10/08 19:16:38.587, P8, 210, 3.85, 948, 6
2026/10/08 19:16:38.848, P8, 210, 3.81, 948, 0
2026/10/08 19:16:39.109, P8, 210, 3.81, 948, 0
2026/10/08 19:16:39.372, P8, 210, 3.80, 948, 6
2026/10/08 19:16:39.634, P8, 210, 3.80, 948, 6
2026/10/08 19:16:39.896, P8, 210, 3.81, 948, 0
2026/10/08 19:16:40.159, P8, 210, 3.81, 948, 0
2026/10/08 19:16:40.420, P8, 210, 3.83, 948, 0
2026/10/08 19:16:40.680, P8, 210, 3.83, 948, 0
2026/10/08 19:16:40.940, P8, 210, 3.78, 948, 6
2026/10/08 19:16:41.202, P8, 210, 3.78, 948, 6
2026/10/08 19:16:41.465, P8, 210, 3.73, 948, 0
2026/10/08 19:16:41.727, P8, 210, 3.73, 948, 0
2026/10/08 19:16:41.989, P8, 210, 3.78, 948, 6
2026/10/08 19:16:42.252, P8, 210, 3.78, 948, 6
2026/10/08 19:16:42.513, P8, 210, 3.81, 948, 0
2026/10/08 19:16:42.777, P8, 210, 3.79, 948, 0
2026/10/08 19:16:43.040, P8, 210, 3.79, 948, 0
2026/10/08 19:16:43.304, P8, 210, 3.76, 948, 6
2026/10/08 19:16:43.564, P8, 210, 3.76, 948, 6
2026/10/08 19:16:43.826, P8, 210, 3.79, 948, 0
2026/10/08 19:16:44.091, P8, 210, 3.79, 948, 0
2026/10/08 19:16:44.353, P8, 210, 3.85, 948, 6
2026/10/08 19:16:44.615, P8, 210, 3.85, 948, 6
2026/10/08 19:16:44.877, P8, 210, 3.78, 948, 0
2026/10/08 19:16:45.139, P8, 210, 3.78, 948, 0
2026/10/08 19:16:45.402, P8, 210, 3.72, 948, 0
2026/10/08 19:16:45.664, P8, 210, 3.72, 948, 0
2026/10/08 19:16:45.926, P8, 210, 3.74, 948, 6
2026/10/08 19:16:46.188, P8, 210, 3.74, 948, 6
2026/10/08 19:16:46.450, P8, 210, 3.77, 948, 0
2026/10/08 19:16:46.713, P8, 210, 3.77, 948, 0
2026/10/08 19:16:46.976, P3, 1890, 5.63, 948, 66
2026/10/08 19:16:47.237, P3, 1890, 5.63, 948, 66
2026/10/08 19:16:47.500, P3, 1890, 9.18, 948, 0
2026/10/08 19:16:47.761, P3, 1890, 9.18, 948, 0
2026/10/08 19:16:48.024, P3, 1890, 12.19, 948, 0
2026/10/08 19:16:48.288, P3, 1890, 11.65, 948, 1
2026/10/08 19:16:48.551, P3, 1890, 11.65, 948, 1
2026/10/08 19:16:48.814, P4, 465, 10.93, 948, 2
2026/10/08 19:16:49.077, P4, 465, 10.93, 948, 2
2026/10/08 19:16:49.338, P4, 735, 8.89, 948, 57
2026/10/08 19:16:49.600, P4, 735, 8.89, 948, 57
2026/10/08 19:16:49.862, P3, 1035, 13.63, 948, 31
2026/10/08 19:16:50.124, P3, 1035, 13.63, 948, 31
2026/10/08 19:16:50.385, P0, 1110, 17.79, 948, 44
2026/10/08 19:16:50.647, P0, 1110, 17.79, 948, 44
2026/10/08 19:16:50.909, P0, 1350, 25.88, 948, 29
2026/10/08 19:16:51.171, P0, 1350, 25.88, 948, 29
2026/10/08 19:16:51.434, P0, 1380, 11.21, 948, 22
2026/10/08 19:16:51.695, P0, 1380, 11.21, 948, 22
2026/10/08 19:16:51.958, P0, 1620, 19.12, 948, 36
2026/10/08 19:16:52.219, P0, 1620, 19.12, 948, 36
2026/10/08 19:16:52.482, P0, 1710, 20.73, 948, 38
2026/10/08 19:16:52.744, P0, 1710, 20.73, 948, 38
2026/10/08 19:16:53.007, P0, 2010, 24.99, 948, 33
2026/10/08 19:16:53.268, P0, 2010, 28.40, 948, 32
2026/10/08 19:16:53.530, P0, 2010, 28.40, 948, 32
2026/10/08 19:16:53.792, P0, 2190, 30.08, 948, 18
2026/10/08 19:16:54.056, P0, 2190, 30.08, 948, 18
2026/10/08 19:16:54.317, P0, 2190, 27.81, 948, 34
2026/10/08 19:16:54.580, P0, 2190, 27.81, 948, 34
2026/10/08 19:16:54.842, P0, 2190, 26.06, 948, 23
2026/10/08 19:16:55.105, P0, 2190, 26.06, 948, 23
2026/10/08 19:16:55.367, P0, 2415, 29.98, 948, 34
2026/10/08 19:16:55.629, P0, 2415, 29.98, 948, 34
2026/10/08 19:16:55.891, P0, 2415, 28.91, 948, 30
2026/10/08 19:16:56.154, P0, 2415, 28.91, 948, 30
2026/10/08 19:16:56.415, P0, 2415, 30.27, 948, 22
2026/10/08 19:16:56.677, P0, 2415, 30.27, 948, 22
2026/10/08 19:16:56.938, P0, 2415, 29.58, 948, 22
2026/10/08 19:16:57.201, P0, 2415, 29.58, 948, 22
2026/10/08 19:16:57.463, P0, 2040, 25.97, 948, 25
2026/10/08 19:16:57.726, P0, 2040, 25.97, 948, 25
2026/10/08 19:16:57.988, P0, 1965, 23.86, 948, 24
2026/10/08 19:16:58.250, P0, 1965, 23.86, 948, 24
2026/10/08 19:16:58.512, P0, 1845, 13.31, 948, 36
2026/10/08 19:16:58.775, P0, 1800, 27.97, 948, 29
2026/10/08 19:16:59.038, P0, 1800, 27.97, 948, 29
2026/10/08 19:16:59.300, P0, 2265, 32.64, 948, 41
2026/10/08 19:16:59.561, P0, 2265, 32.64, 948, 41
2026/10/08 19:16:59.823, P0, 2490, 36.73, 948, 41
2026/10/08 19:17:00.085, P0, 2490, 36.73, 948, 41
2026/10/08 19:17:00.346, P0, 2490, 34.01, 948, 32
2026/10/08 19:17:00.608, P0, 2490, 34.01, 948, 32
2026/10/08 19:17:00.869, P0, 2490, 32.54, 948, 23
2026/10/08 19:17:01.130, P0, 2490, 32.54, 948, 23
2026/10/08 19:17:01.393, P0, 1965, 15.08, 948, 1
2026/10/08 19:17:01.654, P0, 1965, 15.08, 948, 1
2026/10/08 19:17:01.917, P3, 1710, 11.93, 948, 0
2026/10/08 19:17:02.178, P3, 1710, 11.93, 948, 0
2026/10/08 19:17:02.440, P3, 1290, 9.93, 948, 1
2026/10/08 19:17:02.703, P3, 1290, 9.93, 948, 1
2026/10/08 19:17:02.965, P3, 1080, 9.52, 948, 0
2026/10/08 19:17:03.228, P3, 1080, 9.52, 948, 0
2026/10/08 19:17:03.489, P4, 825, 9.25, 948, 0
2026/10/08 19:17:03.752, P4, 825, 9.25, 948, 0
2026/10/08 19:17:04.014, P4, 705, 10.35, 948, 41
2026/10/08 19:17:04.277, P4, 705, 10.35, 948, 41
2026/10/08 19:17:04.537, P4, 1020, 13.98, 948, 42
2026/10/08 19:17:04.800, P3, 1185, 15.62, 948, 44
2026/10/08 19:17:05.063, P3, 1185, 15.62, 948, 44
2026/10/08 19:17:05.324, P0, 1395, 19.13, 948, 41
2026/10/08 19:17:05.586, P0, 1395, 19.13, 948, 41
2026/10/08 19:17:05.848, P0, 1605, 20.44, 948, 47
2026/10/08 19:17:06.112, P0, 1605, 20.44, 948, 47
2026/10/08 19:17:06.374, P0, 1605, 22.36, 948, 48
2026/10/08 19:17:06.638, P0, 1605, 22.36, 948, 48
2026/10/08 19:17:06.900, P0, 1695, 13.47, 948, 43
2026/10/08 19:17:07.163, P0, 1695, 13.47, 948, 43
2026/10/08 19:17:07.425, P0, 1800, 22.70, 948, 43
2026/10/08 19:17:07.687, P0, 1800, 22.70, 948, 43
2026/10/08 19:17:07.951, P0, 2340, 19.43, 948, 31
2026/10/08 19:17:08.213, P0, 2340, 19.43, 948, 31
2026/10/08 19:17:08.476, P0, 2340, 33.19, 948, 38
2026/10/08 19:17:08.739, P0, 2340, 33.19, 948, 38
2026/10/08 19:17:09.003, P0, 2580, 35.78, 948, 31
2026/10/08 19:17:09.264, P0, 2580, 35.78, 948, 31
2026/10/08 19:17:09.526, P0, 2550, 34.06, 948, 38
2026/10/08 19:17:09.789, P0, 2565, 33.64, 948, 27
2026/10/08 19:17:10.051, P0, 2565, 33.64, 948, 27
2026/10/08 19:17:10.315, P0, 2595, 20.24, 948, 28
2026/10/08 19:17:10.577, P0, 2595, 20.24, 948, 28
2026/10/08 19:17:10.840, P0, 2580, 23.37, 948, 30
2026/10/08 19:17:11.101, P0, 2580, 23.37, 948, 30
2026/10/08 19:17:11.364, P0, 2565, 33.29, 948, 40
2026/10/08 19:17:11.627, P0, 2565, 33.29, 948, 40
2026/10/08 19:17:11.887, P0, 2580, 30.32, 948, 29
2026/10/08 19:17:12.148, P0, 2580, 30.32, 948, 29
2026/10/08 19:17:12.410, P0, 2040, 25.23, 948, 40
2026/10/08 19:17:12.672, P0, 2040, 25.23, 948, 40
2026/10/08 19:17:12.934, P0, 1980, 24.68, 948, 40
2026/10/08 19:17:13.196, P0, 1980, 24.68, 948, 40
2026/10/08 19:17:13.458, P0, 1845, 23.80, 948, 45
2026/10/08 19:17:13.721, P0, 1845, 23.80, 948, 45
2026/10/08 19:17:13.983, P0, 2070, 29.77, 948, 43
2026/10/08 19:17:14.245, P0, 2070, 29.77, 948, 43
2026/10/08 19:17:14.507, P0, 2475, 35.10, 948, 42
2026/10/08 19:17:14.771, P0, 2445, 35.47, 948, 32
2026/10/08 19:17:15.033, P0, 2445, 35.47, 948, 32
2026/10/08 19:17:15.295, P0, 2580, 32.60, 948, 29
2026/10/08 19:17:15.557, P0, 2580, 32.60, 948, 29
2026/10/08 19:17:15.819, P0, 2550, 31.37, 948, 30
2026/10/08 19:17:16.083, P0, 2550, 31.37, 948, 30
2026/10/08 19:17:16.344, P0, 1920, 22.49, 948, 30
2026/10/08 19:17:16.606, P0, 1920, 22.49, 948, 30
2026/10/08 19:17:16.868, P0, 1665, 12.56, 948, 0
2026/10/08 19:17:17.130, P0, 1665, 12.56, 948, 0
2026/10/08 19:17:17.392, P3, 1275, 9.99, 948, 1
2026/10/08 19:17:17.654, P3, 1275, 9.99, 948, 1
2026/10/08 19:17:17.917, P4, 1065, 9.67, 948, 0
2026/10/08 19:17:18.179, P4, 1065, 9.67, 948, 0
2026/10/08 19:17:18.442, P4, 810, 9.23, 948, 1
2026/10/08 19:17:18.705, P4, 810, 9.23, 948, 1
2026/10/08 19:17:18.966, P4, 765, 13.46, 948, 55
2026/10/08 19:17:19.229, P4, 765, 13.46, 948, 55
2026/10/08 19:17:19.491, P3, 1065, 16.26, 948, 44
2026/10/08 19:17:19.753, P3, 1065, 16.26, 948, 44
2026/10/08 19:17:20.018, P0, 1065, 18.27, 948, 51
2026/10/08 19:17:20.281, P0, 1380, 20.59, 948, 43
2026/10/08 19:17:20.545, P0, 1380, 20.59, 948, 43
2026/10/08 19:17:20.809, P0, 1380, 20.72, 948, 41
2026/10/08 19:17:21.072, P0, 1380, 20.72, 948, 41
2026/10/08 19:17:21.335, P0, 1470, 22.16, 948, 48
2026/10/08 19:17:21.596, P0, 1470, 22.16, 948, 48
2026/10/08 19:17:21.859, P0, 1470, 23.66, 948, 46
2026/10/08 19:17:22.123, P0, 1470, 23.66, 948, 46
2026/10/08 19:17:22.385, P0, 2310, 25.96, 948, 51
2026/10/08 19:17:22.646, P0, 2310, 25.96, 948, 51
2026/10/08 19:17:22.909, P0, 2310, 30.34, 948, 41
2026/10/08 19:17:23.171, P0, 2310, 30.34, 948, 41
2026/10/08 19:17:23.433, P0, 2565, 36.06, 948, 32
2026/10/08 19:17:23.696, P0, 2565, 36.06, 948, 32
2026/10/08 19:17:23.959, P0, 2520, 37.74, 948, 40
2026/10/08 19:17:24.222, P0, 2520, 37.74, 948, 40
2026/10/08 19:17:24.486, P0, 2595, 35.10, 948, 31
2026/10/08 19:17:24.747, P0, 2595, 35.10, 948, 31
2026/10/08 19:17:25.009, P0, 2595, 50.91, 948, 48
2026/10/08 19:17:25.271, P0, 2595, 45.99, 948, 40
2026/10/08 19:17:25.534, P0, 2595, 45.99, 948, 40
2026/10/08 19:17:25.796, P0, 2595, 37.58, 948, 32
2026/10/08 19:17:26.061, P0, 2595, 37.58, 948, 32
2026/10/08 19:17:26.323, P0, 2595, 41.03, 948, 31
2026/10/08 19:17:26.585, P0, 2595, 41.03, 948, 31
2026/10/08 19:17:26.850, P0, 2070, 16.03, 948, 33
2026/10/08 19:17:27.112, P0, 2070, 16.03, 948, 33
2026/10/08 19:17:27.374, P0, 1950, 30.67, 948, 39
2026/10/08 19:17:27.636, P0, 1950, 30.67, 948, 39
2026/10/08 19:17:27.898, P0, 1860, 26.02, 948, 42
2026/10/08 19:17:28.161, P0, 1860, 26.02, 948, 42
2026/10/08 19:17:28.424, P0, 1800, 26.06, 948, 43
2026/10/08 19:17:28.688, P0, 1800, 26.06, 948, 43
2026/10/08 19:17:28.950, P0, 2160, 29.76, 948, 40
2026/10/08 19:17:29.212, P0, 2160, 29.76, 948, 40
2026/10/08 19:17:29.476, P0, 2370, 28.35, 948, 32
2026/10/08 19:17:29.738, P0, 2370, 28.35, 948, 32
2026/10/08 19:17:30.001, P0, 2370, 29.34, 948, 33
2026/10/08 19:17:30.264, P0, 2370, 29.34, 948, 33
2026/10/08 19:17:30.527, P0, 2370, 31.26, 948, 32
2026/10/08 19:17:30.791, P0, 2370, 30.87, 948, 35
2026/10/08 19:17:31.052, P0, 2370, 30.87, 948, 35
2026/10/08 19:17:31.312, P0, 1815, 13.63, 948, 0
2026/10/08 19:17:31.574, P0, 1815, 13.63, 948, 0
2026/10/08 19:17:31.837, P3, 1515, 10.85, 948, 0
2026/10/08 19:17:32.097, P3, 1515, 10.85, 948, 0
2026/10/08 19:17:32.360, P3, 1140, 9.75, 948, 1
2026/10/08 19:17:32.622, P3, 1140, 9.75, 948, 1
2026/10/08 19:17:32.884, P4, 960, 9.51, 948, 0
2026/10/08 19:17:33.148, P4, 960, 9.51, 948, 0
2026/10/08 19:17:33.410, P4, 780, 15.66, 948, 55
2026/10/08 19:17:33.673, P4, 780, 15.66, 948, 55
2026/10/08 19:17:33.936, P4, 1020, 15.23, 948, 49
2026/10/08 19:17:34.200, P4, 1020, 15.23, 948, 49
2026/10/08 19:17:34.462, P3, 1200, 16.98, 948, 46
2026/10/08 19:17:34.723, P3, 1200, 16.98, 948, 46
2026/10/08 19:17:34.985, P0, 1335, 19.66, 948, 45
2026/10/08 19:17:35.249, P0, 1335, 19.66, 948, 45
2026/10/08 19:17:35.512, P0, 1410, 20.06, 948, 53
2026/10/08 19:17:35.773, P0, 1695, 23.88, 948, 47
2026/10/08 19:17:36.036, P0, 1695, 23.88, 948, 47
2026/10/08 19:17:36.298, P0, 1695, 24.75, 948, 46
2026/10/08 19:17:36.560, P0, 1695, 24.75, 948, 46
2026/10/08 19:17:36.822, P0, 1875, 30.25, 948, 44
2026/10/08 19:17:37.084, P0, 1875, 30.25, 948, 44
2026/10/08 19:17:37.346, P0, 2310, 17.28, 948, 33
2026/10/08 19:17:37.607, P0, 2310, 17.28, 948, 33
2026/10/08 19:17:37.870, P0, 2310, 31.31, 948, 41
2026/10/08 19:17:38.133, P0, 2310, 31.31, 948, 41
2026/10/08 19:17:38.395, P0, 2595, 44.57, 948, 32
2026/10/08 19:17:38.657, P0, 2595, 44.57, 948, 32
2026/10/08 19:17:38.920, P0, 2595, 24.28, 948, 40
2026/10/08 19:17:39.183, P0, 2595, 24.28, 948, 40
2026/10/08 19:17:39.446, P0, 2595, 39.55, 948, 32
2026/10/08 19:17:39.709, P0, 2595, 39.55, 948, 32
2026/10/08 19:17:39.970, P0, 2595, 24.69, 948, 32
2026/10/08 19:17:40.231, P0, 2595, 24.69, 948, 32
2026/10/08 19:17:40.494, P0, 2370, 31.00, 948, 32
2026/10/08 19:17:40.756, P0, 2370, 31.00, 948, 32
2026/10/08 19:17:41.018, P0, 2220, 31.12, 948, 42
2026/10/08 19:17:41.281, P0, 2070, 26.70, 948, 33
2026/10/08 19:17:41.543, P0, 2070, 26.70, 948, 33
2026/10/08 19:17:41.806, P0, 1950, 28.75, 948, 42
2026/10/08 19:17:42.068, P0, 1950, 28.75, 948, 42
2026/10/08 19:17:42.330, P0, 1830, 26.94, 948, 45
2026/10/08 19:17:42.595, P0, 1830, 26.94, 948, 45
2026/10/08 19:17:42.858, P0, 1845, 26.72, 948, 44
2026/10/08 19:17:43.121, P0, 1845, 26.72, 948, 44
2026/10/08 19:17:43.383, P0, 2370, 38.73, 948, 42
2026/10/08 19:17:43.645, P0, 2370, 38.73, 948, 42
2026/10/08 19:17:43.907, P0, 2370, 36.99, 948, 46
2026/10/08 19:17:44.170, P0, 2370, 36.99, 948, 46
2026/10/08 19:17:44.433, P0, 2430, 32.08, 948, 33
2026/10/08 19:17:44.696, P0, 2430, 32.08, 948, 33
2026/10/08 19:17:44.960, P0, 2430, 31.64, 948, 32
2026/10/08 19:17:45.223, P0, 2430, 31.64, 948, 32
2026/10/08 19:17:45.486, P0, 2430, 30.93, 948, 32
2026/10/08 19:17:45.747, P0, 2430, 30.93, 948, 32
2026/10/08 19:17:46.008, P0, 1980, 20.16, 948, 7
2026/10/08 19:17:46.271, P0, 1980, 20.16, 948, 7
2026/10/08 19:17:46.533, P0, 1560, 12.04, 948, 0
2026/10/08 19:17:46.796, P3, 1305, 9.89, 948, 1
2026/10/08 19:17:47.058, P3, 1305, 9.89, 948, 1
2026/10/08 19:17:47.320, P4, 990, 9.49, 948, 1
2026/10/08 19:17:47.582, P4, 990, 9.49, 948, 1
2026/10/08 19:17:47.844, P4, 825, 9.12, 948, 0
2026/10/08 19:17:48.107, P4, 825, 9.12, 948, 0
2026/10/08 19:17:48.369, P4, 1005, 14.83, 948, 46
2026/10/08 19:17:48.632, P4, 1005, 14.83, 948, 46
2026/10/08 19:17:48.896, P4, 1005, 14.00, 948, 43
2026/10/08 19:17:49.159, P4, 1005, 14.00, 948, 43
2026/10/08 19:17:49.420, P3, 1365, 24.50, 948, 40
2026/10/08 19:17:49.681, P3, 1365, 24.50, 948, 40
2026/10/08 19:17:49.943, P0, 1365, 22.17, 948, 44
2026/10/08 19:17:50.205, P0, 1365, 22.17, 948, 44
2026/10/08 19:17:50.468, P0, 1710, 21.29, 948, 36
2026/10/08 19:17:50.730, P0, 1710, 21.29, 948, 36
2026/10/08 19:17:50.993, P0, 1710, 21.84, 948, 37
2026/10/08 19:17:51.256, P0, 1710, 21.84, 948, 37
2026/10/08 19:17:51.518, P0, 1785, 30.59, 948, 40
2026/10/08 19:17:51.780, P0, 1785, 36.40, 948, 60
2026/10/08 19:17:52.041, P0, 1785, 36.40, 948, 60
2026/10/08 19:17:52.304, P0, 2595, 23.91, 948, 40
2026/10/08 19:17:52.566, P0, 2595, 23.91, 948, 40
2026/10/08 19:17:52.828, P0, 2595, 43.46, 948, 36
2026/10/08 19:17:53.091, P0, 2595, 43.46, 948, 36
2026/10/08 19:17:53.353, P0, 2595, 54.02, 948, 40
2026/10/08 19:17:53.616, P0, 2595, 54.02, 948, 40
2026/10/08 19:17:53.878, P0, 2595, 34.54, 948, 31
2026/10/08 19:17:54.140, P0, 2595, 34.54, 948, 31
2026/10/08 19:17:54.404, P0, 2595, 47.10, 948, 55
2026/10/08 19:17:54.667, P0, 2595, 47.10, 948, 55
2026/10/08 19:17:54.931, P0, 2595, 56.11, 948, 28
2026/10/08 19:17:55.193, P0, 2595, 56.11, 948, 28
2026/10/08 19:17:55.455, P0, 2595, 34.14, 948, 31
2026/10/08 19:17:55.718, P0, 2595, 34.14, 948, 31
2026/10/08 19:17:55.980, P0, 2595, 49.95, 948, 32
2026/10/08 19:17:56.242, P0, 2595, 49.95, 948, 32
2026/10/08 19:17:56.504, P0, 2130, 26.66, 948, 33
2026/10/08 19:17:56.766, P0, 2130, 26.66, 948, 33
2026/10/08 19:17:57.029, P0, 1995, 30.13, 948, 34
2026/10/08 19:17:57.291, P0, 1905, 24.67, 948, 37
2026/10/08 19:17:57.555, P0, 1905, 24.67, 948, 37
2026/10/08 19:17:57.817, P0, 1830, 23.26, 948, 32
2026/10/08 19:17:58.079, P0, 1830, 23.26, 948, 32
2026/10/08 19:17:58.342, P0, 2205, 39.31, 948, 34
2026/10/08 19:17:58.603, P0, 2205, 39.31, 948, 34
2026/10/08 19:17:58.866, P0, 2205, 37.66, 948, 33
2026/10/08 19:17:59.129, P0, 2205, 37.66, 948, 33
2026/10/08 19:17:59.393, P0, 2205, 29.72, 948, 31
2026/10/08 19:17:59.655, P0, 2205, 29.72, 948, 31
2026/10/08 19:17:59.918, P0, 2205, 27.98, 948, 33
2026/10/08 19:18:00.181, P0, 2205, 27.98, 948, 33
2026/10/08 19:18:00.443, P0, 1815, 23.06, 948, 36
2026/10/08 19:18:00.706, P0, 1815, 23.06, 948, 36
2026/10/08 19:18:00.967, P3, 1605, 10.82, 948, 1
2026/10/08 19:18:01.229, P3, 1605, 10.82, 948, 1
2026/10/08 19:18:01.491, P3, 1260, 9.90, 948, 0
2026/10/08 19:18:01.754, P3, 1260, 9.90, 948, 0
2026/10/08 19:18:02.016, P4, 960, 9.57, 948, 1
2026/10/08 19:18:02.279, P4, 795, 9.05, 948, 0
2026/10/08 19:18:02.542, P4, 795, 9.05, 948, 0
2026/10/08 19:18:02.804, P4, 645, 18.93, 948, 53
2026/10/08 19:18:03.066, P4, 645, 18.93, 948, 53
2026/10/08 19:18:03.328, P4, 870, 18.03, 948, 52
2026/10/08 19:18:03.591, P4, 870, 18.03, 948, 52
2026/10/08 19:18:03.855, P4, 915, 14.15, 948, 46
2026/10/08 19:18:04.115, P4, 915, 14.15, 948, 46
2026/10/08 19:18:04.378, P3, 1440, 18.94, 948, 46
2026/10/08 19:18:04.640, P3, 1440, 18.94, 948, 46
2026/10/08 19:18:04.902, P0, 1545, 26.15, 948, 42
2026/10/08 19:18:05.164, P0, 1545, 26.15, 948, 42
2026/10/08 19:18:05.426, P0, 1545, 11.79, 948, 0
2026/10/08 19:18:05.690, P0, 1545, 11.79, 948, 0
2026/10/08 19:18:05.952, P0, 1920, 22.29, 948, 48
2026/10/08 19:18:06.217, P0, 1920, 22.29, 948, 48
2026/10/08 19:18:06.480, P0, 1920, 24.52, 948, 34
2026/10/08 19:18:06.743, P0, 1920, 24.52, 948, 34
2026/10/08 19:18:07.007, P0, 2460, 45.51, 948, 42
2026/10/08 19:18:07.270, P0, 2460, 45.51, 948, 42
2026/10/08 19:18:07.533, P0, 2460, 30.42, 948, 40
2026/10/08 19:18:07.796, P0, 2460, 36.05, 948, 38
2026/10/08 19:18:08.056, P0, 2460, 36.05, 948, 38
2026/10/08 19:18:08.318, P0, 2460, 31.15, 948, 33
2026/10/08 19:18:08.581, P0, 2460, 31.15, 948, 33
2026/10/08 19:18:08.845, P0, 2100, 36.54, 948, 42
2026/10/08 19:18:09.108, P0, 2100, 36.54, 948, 42
2026/10/08 19:18:09.370, P0, 2595, 21.46, 948, 33
2026/10/08 19:18:09.634, P0, 2595, 21.46, 948, 33
2026/10/08 19:18:09.896, P0, 2460, 36.77, 948, 31
2026/10/08 19:18:10.159, P0, 2460, 36.77, 948, 31
2026/10/08 19:18:10.420, P0, 2580, 34.63, 948, 34
2026/10/08 19:18:10.681, P0, 2580, 34.63, 948, 34
2026/10/08 19:18:10.943, P0, 2595, 40.20, 948, 32
2026/10/08 19:18:11.206, P0, 2595, 40.20, 948, 32
2026/10/08 19:18:11.468, P0, 2040, 25.99, 948, 33
2026/10/08 19:18:11.731, P0, 2040, 25.99, 948, 33
2026/10/08 19:18:11.995, P0, 1950, 24.64, 948, 35
2026/10/08 19:18:12.258, P0, 1950, 24.64, 948, 35
2026/10/08 19:18:12.521, P0, 1860, 24.49, 948, 35
2026/10/08 19:18:12.782, P0, 1785, 25.45, 948, 45
2026/10/08 19:18:13.044, P0, 1785, 25.45, 948, 45
2026/10/08 19:18:13.305, P0, 2085, 39.32, 948, 41
2026/10/08 19:18:13.568, P0, 2085, 39.32, 948, 41
2026/10/08 19:18:13.830, P0, 2085, 26.24, 948, 38
2026/10/08 19:18:14.093, P0, 2085, 26.24, 948, 38
2026/10/08 19:18:14.354, P0, 2085, 26.00, 948, 34
2026/10/08 19:18:14.617, P0, 2085, 26.00, 948, 34
2026/10/08 19:18:14.879, P0, 2085, 24.29, 948, 33
2026/10/08 19:18:15.141, P0, 2085, 24.29, 948, 33
2026/10/08 19:18:15.404, P0, 1740, 17.99, 948, 1
2026/10/08 19:18:15.666, P0, 1740, 17.99, 948, 1
2026/10/08 19:18:15.929, P0, 1380, 11.84, 948, 1
2026/10/08 19:18:16.192, P0, 1380, 11.84, 948, 1
2026/10/08 19:18:16.456, P3, 1155, 9.64, 948, 0
2026/10/08 19:18:16.719, P3, 1155, 9.64, 948, 0
2026/10/08 19:18:16.980, P4, 870, 9.15, 948, 1
2026/10/08 19:18:17.243, P4, 870, 9.15, 948, 1
2026/10/08 19:18:17.507, P4, 735, 9.03, 948, 0
2026/10/08 19:18:17.769, P4, 735, 9.03, 948, 0
2026/10/08 19:18:18.033, P4, 705, 12.37, 948, 43
2026/10/08 19:18:18.296, P4, 930, 11.38, 948, 42
2026/10/08 19:18:18.558, P4, 930, 11.38, 948, 42
2026/10/08 19:18:18.821, P3, 1185, 14.38, 948, 29
2026/10/08 19:18:19.083, P3, 1185, 14.38, 948, 29
2026/10/08 19:18:19.345, P3, 1560, 17.58, 948, 36
2026/10/08 19:18:19.608, P3, 1560, 17.58, 948, 36
2026/10/08 19:18:19.871, P3, 1650, 18.09, 948, 43
2026/10/08 19:18:20.133, P3, 1650, 18.09, 948, 43
2026/10/08 19:18:20.394, P3, 1650, 17.06, 948, 33
2026/10/08 19:18:20.655, P3, 1650, 17.06, 948, 33
2026/10/08 19:18:20.917, P0, 1980, 20.76, 948, 30
2026/10/08 19:18:21.181, P0, 1980, 20.76, 948, 30
2026/10/08 19:18:21.445, P0, 1980, 23.05, 948, 28
2026/10/08 19:18:21.708, P0, 1980, 23.05, 948, 28
2026/10/08 19:18:21.971, P0, 2385, 24.58, 948, 17
2026/10/08 19:18:22.233, P0, 2385, 24.58, 948, 17
2026/10/08 19:18:22.496, P0, 2385, 29.47, 948, 27
2026/10/08 19:18:22.757, P0, 2385, 29.47, 948, 27
2026/10/08 19:18:23.019, P0, 2535, 38.10, 948, 38
2026/10/08 19:18:23.281, P0, 2535, 28.13, 948, 20
2026/10/08 19:18:23.544, P0, 2535, 28.13, 948, 20
2026/10/08 19:18:23.807, P0, 2535, 24.16, 948, 10
2026/10/08 19:18:24.070, P0, 2535, 24.16, 948, 10
2026/10/08 19:18:24.332, P0, 2595, 26.50, 948, 15
2026/10/08 19:18:24.595, P0, 2595, 26.50, 948, 15
2026/10/08 19:18:24.856, P0, 2595, 28.61, 948, 17
2026/10/08 19:18:25.119, P0, 2595, 28.61, 948, 17
2026/10/08 19:18:25.383, P0, 2595, 34.17, 948, 23
2026/10/08 19:18:25.646, P0, 2595, 34.17, 948, 23
2026/10/08 19:18:25.907, P0, 2085, 31.76, 948, 12
2026/10/08 19:18:26.169, P0, 2085, 31.76, 948, 12
2026/10/08 19:18:26.433, P0, 1995, 24.06, 948, 28
2026/10/08 19:18:26.695, P0, 1995, 24.06, 948, 28
2026/10/08 19:18:26.957, P0, 1875, 32.85, 948, 29
2026/10/08 19:18:27.220, P0, 1875, 32.85, 948, 29
2026/10/08 19:18:27.482, P0, 1785, 22.89, 948, 41
2026/10/08 19:18:27.743, P0, 1785, 22.89, 948, 41
2026/10/08 19:18:28.007, P0, 1980, 19.00, 948, 30
2026/10/08 19:18:28.269, P0, 1980, 19.00, 948, 30
2026/10/08 19:18:28.532, P0, 2190, 28.05, 948, 30
2026/10/08 19:18:28.794, P0, 2190, 18.75, 948, 32
2026/10/08 19:18:29.058, P0, 2190, 18.75, 948, 32
2026/10/08 19:18:29.320, P0, 2190, 22.26, 948, 16
2026/10/08 19:18:29.583, P0, 2190, 22.26, 948, 16
2026/10/08 19:18:29.845, P0, 1815, 15.67, 948, 16
2026/10/08 19:18:30.107, P0, 1815, 15.67, 948, 16
2026/10/08 19:18:30.370, P0, 1635, 24.03, 948, 41
2026/10/08 19:18:30.631, P0, 1635, 24.03, 948, 41
2026/10/08 19:18:30.893, P3, 1305, 11.93, 948, 0
2026/10/08 19:18:31.155, P3, 1305, 11.93, 948, 0
2026/10/08 19:18:31.418, P3, 1080, 9.37, 948, 0
2026/10/08 19:18:31.679, P3, 1080, 9.37, 948, 0
2026/10/08 19:18:31.940, P4, 825, 9.07, 948, 1
2026/10/08 19:18:32.203, P4, 825, 9.07, 948, 1
2026/10/08 19:18:32.466, P4, 690, 8.95, 948, 0
2026/10/08 19:18:32.729, P4, 690, 8.95, 948, 0
2026/10/08 19:18:32.991, P4, 975, 11.73, 948, 60
2026/10/08 19:18:33.252, P4, 975, 11.73, 948, 60
2026/10/08 19:18:33.515, P3, 1170, 9.50, 948, 43
2026/10/08 19:18:33.778, P0, 1305, 19.84, 948, 40
2026/10/08 19:18:34.040, P0, 1305, 19.84, 948, 40
2026/10/08 19:18:34.302, P0, 1320, 18.22, 948, 39
2026/10/08 19:18:34.567, P0, 1320, 18.22, 948, 39
2026/10/08 19:18:34.831, P0, 1320, 18.19, 948, 38
2026/10/08 19:18:35.093, P0, 1320, 18.19, 948, 38
2026/10/08 19:18:35.356, P0, 1320, 20.08, 948, 41
2026/10/08 19:18:35.619, P0, 1320, 20.08, 948, 41
2026/10/08 19:18:35.880, P0, 1350, 11.28, 948, 40
2026/10/08 19:18:36.141, P0, 1350, 11.28, 948, 40
2026/10/08 19:18:36.403, P0, 1350, 18.40, 948, 40
2026/10/08 19:18:36.666, P0, 1350, 18.40, 948, 40
2026/10/08 19:18:36.929, P0, 1365, 15.44, 948, 40
2026/10/08 19:18:37.192, P0, 1365, 15.44, 948, 40
2026/10/08 19:18:37.454, P0, 1365, 20.56, 948, 40
2026/10/08 19:18:37.716, P0, 1365, 20.56, 948, 40
2026/10/08 19:18:37.977, P0, 1365, 18.23, 948, 40
2026/10/08 19:18:38.239, P0, 1365, 18.23, 948, 40
2026/10/08 19:18:38.501, P0, 1245, 11.49, 948, 39
2026/10/08 19:18:38.763, P0, 1245, 11.49, 948, 39
2026/10/08 19:18:39.025, P0, 1275, 17.41, 948, 41
2026/10/08 19:18:39.289, P0, 1275, 18.85, 948, 42
2026/10/08 19:18:39.550, P0, 1275, 18.85, 948, 42
2026/10/08 19:18:39.811, P0, 1320, 17.74, 948, 40
2026/10/08 19:18:40.072, P0, 1320, 17.74, 948, 40
2026/10/08 19:18:40.334, P0, 1320, 11.52, 948, 41
2026/10/08 19:18:40.598, P0, 1320, 11.52, 948, 41
2026/10/08 19:18:40.862, P0, 1335, 18.19, 948, 39
2026/10/08 19:18:41.123, P0, 1335, 18.19, 948, 39
2026/10/08 19:18:41.385, P0, 1335, 20.39, 948, 40
2026/10/08 19:18:41.647, P0, 1335, 20.39, 948, 40
2026/10/08 19:18:41.908, P0, 1350, 18.88, 948, 40
2026/10/08 19:18:42.171, P0, 1350, 18.88, 948, 40
2026/10/08 19:18:42.432, P0, 1365, 20.03, 948, 39
2026/10/08 19:18:42.695, P0, 1365, 20.03, 948, 39
2026/10/08 19:18:42.956, P0, 1365, 11.30, 948, 40
2026/10/08 19:18:43.217, P0, 1365, 11.30, 948, 40
2026/10/08 19:18:43.480, P0, 1365, 18.71, 948, 40
2026/10/08 19:18:43.740, P0, 1365, 18.71, 948, 40
2026/10/08 19:18:44.002, P0, 1305, 11.36, 948, 40
2026/10/08 19:18:44.265, P0, 1305, 11.36, 948, 40
2026/10/08 19:18:44.527, P0, 1260, 11.35, 948, 41
2026/10/08 19:18:44.789, P0, 1305, 17.94, 948, 40
2026/10/08 19:18:45.052, P0, 1305, 17.94, 948, 40
2026/10/08 19:18:45.314, P0, 1305, 10.92, 948, 1
2026/10/08 19:18:45.577, P0, 1305, 10.92, 948, 1
2026/10/08 19:18:45.839, P3, 1305, 9.74, 948, 0
2026/10/08 19:18:46.101, P3, 1305, 9.74, 948, 0
2026/10/08 19:18:46.364, P4, 510, 9.56, 948, 2
2026/10/08 19:18:46.625, P4, 510, 9.56, 948, 2
2026/10/08 19:18:46.887, P4, 390, 9.16, 948, 2
2026/10/08 19:18:47.150, P4, 390, 9.16, 948, 2
2026/10/08 19:18:47.412, P4, 330, 8.87, 948, 0
2026/10/08 19:18:47.674, P4, 330, 8.87, 948, 0
2026/10/08 19:18:47.937, P4, 255, 8.80, 948, 2
2026/10/08 19:18:48.198, P4, 255, 8.80, 948, 2
2026/10/08 19:18:48.460, P4, 210, 8.72, 948, 0
2026/10/08 19:18:48.723, P4, 210, 8.72, 948, 0
2026/10/08 19:18:48.985, P5, 210, 8.76, 948, 2
2026/10/08 19:18:49.247, P5, 210, 8.76, 948, 2
2026/10/08 19:18:49.510, P5, 210, 7.27, 948, 3
2026/10/08 19:18:49.773, P5, 210, 7.27, 948, 3
2026/10/08 19:18:50.036, P5, 210, 7.25, 948, 0
2026/10/08 19:18:50.296, P5, 210, 7.41, 948, 4
2026/10/08 19:18:50.559, P5, 210, 7.41, 948, 4
2026/10/08 19:18:50.821, P8, 210, 4.58, 948, 0
2026/10/08 19:18:51.084, P8, 210, 4.58, 948, 0
2026/10/08 19:18:51.346, P8, 210, 4.57, 948, 6
2026/10/08 19:18:51.609, P8, 210, 4.57, 948, 6
2026/10/08 19:18:51.871, P8, 210, 4.61, 948, 6
2026/10/08 19:18:52.134, P8, 210, 4.61, 948, 6
2026/10/08 19:18:52.395, P8, 210, 4.59, 948, 0
2026/10/08 19:18:52.657, P8, 210, 4.59, 948, 0
2026/10/08 19:18:52.918, P8, 210, 4.61, 948, 6
2026/10/08 19:18:53.180, P8, 210, 4.61, 948, 6
2026/10/08 19:18:53.442, P8, 210, 4.40, 948, 0
2026/10/08 19:18:53.703, P8, 210, 4.40, 948, 0
2026/10/08 19:18:53.965, P8, 210, 5.15, 948, 6
2026/10/08 19:18:54.228, P8, 210, 5.15, 948, 6
2026/10/08 19:18:54.490, P8, 210, 4.63, 948, 6
2026/10/08 19:18:54.752, P8, 210, 4.63, 948, 6
2026/10/08 19:18:55.014, P8, 210, 4.59, 948, 0
2026/10/08 19:18:55.277, P8, 210, 4.59, 948, 0
2026/10/08 19:18:55.539, P8, 210, 4.62, 948, 6
2026/10/08 19:18:55.801, P8, 210, 4.63, 948, 0
2026/10/08 19:18:56.063, P8, 210, 4.63, 948, 0
2026/10/08 19:18:56.326, P8, 210, 4.86, 948, 6
2026/10/08 19:18:56.589, P8, 210, 4.86, 948, 6
2026/10/08 19:18:56.852, P8, 210, 4.43, 948, 5
2026/10/08 19:18:57.116, P8, 210, 4.43, 948, 5
2026/10/08 19:18:57.381, P8, 210, 4.64, 948, 0
2026/10/08 19:18:57.644, P8, 210, 4.64, 948, 0
2026/10/08 19:18:57.907, P8, 210, 4.48, 948, 6
2026/10/08 19:18:58.169, P8, 210, 4.48, 948, 6
2026/10/08 19:18:58.430, P8, 210, 4.55, 948, 0
2026/10/08 19:18:58.693, P8, 210, 4.55, 948, 0
2026/10/08 19:18:58.956, P8, 210, 4.60, 948, 6
2026/10/08 19:18:59.219, P8, 210, 4.60, 948, 6
2026/10/08 19:18:59.482, P8, 210, 4.61, 948, 3
2026/10/08 19:18:59.745, P8, 210, 4.61, 948, 3
2026/10/08 19:19:00.008, P8, 210, 4.41, 948, 0
2026/10/08 19:19:00.269, P8, 210, 4.41, 948, 0
2026/10/08 19:19:00.531, P3, 1890, 12.06, 948, 1
2026/10/08 19:19:00.793, P3, 1890, 11.53, 948, 0
2026/10/08 19:19:01.055, P3, 1890, 11.53, 948, 0
2026/10/08 19:19:01.317, P3, 1890, 11.57, 948, 1
2026/10/08 19:19:01.581, P3, 1890, 11.57, 948, 1
2026/10/08 19:19:01.844, P5, 525, 11.57, 948, 0
2026/10/08 19:19:02.106, P5, 525, 11.57, 948, 0
2026/10/08 19:19:02.366, P5, 435, 8.18, 948, 0
2026/10/08 19:19:02.629, P5, 435, 8.18, 948, 0
2026/10/08 19:19:02.891, P5, 330, 7.80, 948, 3
2026/10/08 19:19:03.152, P5, 330, 7.80, 948, 3
2026/10/08 19:19:03.415, P8, 285, 7.37, 948, 0
2026/10/08 19:19:03.677, P8, 285, 7.37, 948, 0
2026/10/08 19:19:03.940, P8, 225, 5.79, 948, 6
2026/10/08 19:19:04.202, P8, 225, 5.79, 948, 6
2026/10/08 19:19:04.465, P8, 210, 4.66, 948, 0
2026/10/08 19:19:04.728, P8, 210, 4.66, 948, 0
2026/10/08 19:19:04.990, P8, 210, 4.61, 948, 0
2026/10/08 19:19:05.253, P8, 210, 4.61, 948, 0
2026/10/08 19:19:05.514, P8, 210, 4.59, 948, 6
2026/10/08 19:19:05.776, P8, 210, 4.59, 948, 6
2026/10/08 19:19:06.038, P8, 210, 4.60, 948, 0
2026/10/08 19:19:06.300, P8, 210, 4.63, 948, 6
2026/10/08 19:19:06.562, P8, 210, 4.63, 948, 6
2026/10/08 19:19:06.823, P8, 210, 4.62, 948, 0
2026/10/08 19:19:07.084, P8, 210, 4.62, 948, 0
2026/10/08 19:19:07.346, P8, 210, 4.57, 948, 0
2026/10/08 19:19:07.608, P8, 210, 4.57, 948, 0
2026/10/08 19:19:07.871, P8, 210, 4.56, 948, 6
2026/10/08 19:19:08.132, P8, 210, 4.56, 948, 6
2026/10/08 19:19:08.396, P8, 210, 4.60, 948, 0
2026/10/08 19:19:08.659, P8, 210, 4.60, 948, 0
2026/10/08 19:19:08.919, P8, 210, 4.61, 948, 6
2026/10/08 19:19:09.181, P8, 210, 4.61, 948, 6
2026/10/08 19:19:09.442, P8, 210, 4.58, 948, 0
2026/10/08 19:19:09.703, P8, 210, 4.58, 948, 0
2026/10/08 19:19:09.966, P8, 210, 4.56, 948, 0
2026/10/08 19:19:10.227, P8, 210, 4.56, 948, 0
2026/10/08 19:19:10.491, P8, 210, 4.60, 948, 6
2026/10/08 19:19:10.752, P8, 210, 4.60, 948, 6
2026/10/08 19:19:11.014, P8, 210, 4.62, 948, 0
2026/10/08 19:19:11.275, P8, 210, 4.62, 948, 0
2026/10/08 19:19:11.538, P8, 210, 4.61, 948, 6
2026/10/08 19:19:11.801, P8, 210, 4.57, 948, 0
2026/10/08 19:19:12.064, P8, 210, 4.57, 948, 0
2026/10/08 19:19:12.326, P8, 210, 4.59, 948, 0
2026/10/08 19:19:12.589, P8, 210, 4.59, 948, 0
2026/10/08 19:19:12.850, P8, 210, 4.62, 948, 6
2026/10/08 19:19:13.114, P8, 210, 4.62, 948, 6
2026/10/08 19:19:13.376, P8, 210, 4.62, 948, 0
2026/10/08 19:19:13.639, P8, 210, 4.62, 948, 0
2026/10/08 19:19:13.901, P8, 210, 4.60, 948, 6
2026/10/08 19:19:14.163, P8, 210, 4.60, 948, 6
2026/10/08 19:19:14.426, P8, 210, 4.63, 948, 0
2026/10/08 19:19:14.688, P8, 210, 4.63, 948, 0
2026/10/08 19:19:14.951, P8, 210, 4.77, 948, 50
2026/10/08 19:19:15.213, P8, 210, 4.77, 948, 50
2026/10/08 19:19:15.475, P3, 1890, 7.91, 948, 1
2026/10/08 19:19:15.738, P3, 1890, 7.91, 948, 1
2026/10/08 19:19:15.999, P3, 1890, 11.06, 948, 0
2026/10/08 19:19:16.261, P3, 1890, 11.06, 948, 0
2026/10/08 19:19:16.525, P3, 1890, 11.60, 948, 1
2026/10/08 19:19:16.789, P4, 525, 11.61, 948, 0
2026/10/08 19:19:17.053, P4, 525, 11.61, 948, 0
2026/10/08 19:19:17.314, P5, 480, 10.62, 948, 92
2026/10/08 19:19:17.576, P5, 480, 10.62, 948, 92
2026/10/08 19:19:17.839, P4, 2610, 31.04, 948, 49
2026/10/08 19:19:18.100, P4, 2610, 31.04, 948, 49
2026/10/08 19:19:18.363, P3, 2610, 32.52, 948, 31
2026/10/08 19:19:18.624, P3, 2610, 32.52, 948, 31
2026/10/08 19:19:18.887, P0, 2610, 53.17, 948, 33
2026/10/08 19:19:19.151, P0, 2610, 53.17, 948, 33
2026/10/08 19:19:19.412, P0, 2610, 54.22, 948, 31
2026/10/08 19:19:19.675, P0, 2610, 54.22, 948, 31
2026/10/08 19:19:19.938, P0, 2610, 36.90, 948, 28
2026/10/08 19:19:20.201, P0, 2610, 36.90, 948, 28
2026/10/08 19:19:20.464, P0, 2610, 53.81, 948, 31
2026/10/08 19:19:20.727, P0, 2610, 53.81, 948, 31
2026/10/08 19:19:20.990, P0, 2595, 32.98, 948, 28
2026/10/08 19:19:21.252, P0, 2595, 32.98, 948, 28
2026/10/08 19:19:21.514, P0, 2595, 32.07, 948, 30
2026/10/08 19:19:21.776, P0, 2595, 32.07, 948, 30
2026/10/08 19:19:22.038, P0, 2595, 56.08, 948, 28
2026/10/08 19:19:22.300, P0, 2595, 35.29, 948, 28
2026/10/08 19:19:22.562, P0, 2595, 35.29, 948, 28
2026/10/08 19:19:22.824, P0, 2595, 31.50, 948, 28
2026/10/08 19:19:23.085, P0, 2595, 31.50, 948, 28
2026/10/08 19:19:23.347, P0, 2595, 36.14, 948, 31
2026/10/08 19:19:23.610, P0, 2595, 36.14, 948, 31
2026/10/08 19:19:23.872, P0, 2595, 32.28, 948, 30
2026/10/08 19:19:24.134, P0, 2595, 32.28, 948, 30
2026/10/08 19:19:24.395, P0, 2595, 55.83, 948, 29
2026/10/08 19:19:24.658, P0, 2595, 55.83, 948, 29
2026/10/08 19:19:24.922, P0, 2595, 35.71, 948, 29
2026/10/08 19:19:25.183, P0, 2595, 35.71, 948, 29
2026/10/08 19:19:25.445, P0, 2595, 42.37, 948, 31
2026/10/08 19:19:25.707, P0, 2595, 42.37, 948, 31
2026/10/08 19:19:25.970, P0, 2595, 30.88, 948, 26
2026/10/08 19:19:26.232, P0, 2595, 30.88, 948, 26
2026/10/08 19:19:26.494, P0, 2595, 32.38, 948, 30
2026/10/08 19:19:26.757, P0, 2595, 32.38, 948, 30
2026/10/08 19:19:27.020, P0, 2595, 43.87, 948, 26
2026/10/08 19:19:27.282, P0, 2595, 43.87, 948, 26
2026/10/08 19:19:27.544, P0, 2595, 32.03, 948, 28
2026/10/08 19:19:27.807, P0, 2595, 36.54, 948, 29
2026/10/08 19:19:28.069, P0, 2595, 36.54, 948, 29
2026/10/08 19:19:28.331, P0, 2595, 33.76, 948, 29
2026/10/08 19:19:28.595, P0, 2595, 33.76, 948, 29
2026/10/08 19:19:28.859, P0, 2595, 36.33, 948, 31
2026/10/08 19:19:29.122, P0, 2595, 36.33, 948, 31
2026/10/08 19:19:29.383, P0, 2595, 36.85, 948, 30
2026/10/08 19:19:29.646, P0, 2595, 36.85, 948, 30
2026/10/08 19:19:29.908, P0, 2595, 20.19, 948, 1
2026/10/08 19:19:30.170, P0, 2595, 20.19, 948, 1
2026/10/08 19:19:30.431, P0, 2595, 19.48, 948, 0
2026/10/08 19:19:30.694, P0, 2595, 19.48, 948, 0
2026/10/08 19:19:30.958, P3, 2595, 17.73, 948, 0
2026/10/08 19:19:31.219, P3, 2595, 17.73, 948, 0
2026/10/08 19:19:31.481, P4, 960, 14.65, 948, 1
2026/10/08 19:19:31.745, P4, 960, 14.65, 948, 1
2026/10/08 19:19:32.007, P4, 735, 8.95, 948, 0
2026/10/08 19:19:32.270, P4, 735, 8.95, 948, 0
2026/10/08 19:19:32.534, P4, 795, 13.90, 948, 41
2026/10/08 19:19:32.796, P3, 1170, 14.32, 948, 31
2026/10/08 19:19:33.058, P3, 1170, 14.32, 948, 31
2026/10/08 19:19:33.321, P0, 1305, 11.01, 948, 23
2026/10/08 19:19:33.584, P0, 1305, 11.01, 948, 23
2026/10/08 19:19:33.845, P0, 1335, 11.19, 948, 21
2026/10/08 19:19:34.106, P0, 1335, 11.19, 948, 21
2026/10/08 19:19:34.369, P0, 1350, 13.90, 948, 21
2026/10/08 19:19:34.631, P0, 1350, 13.90, 948, 21
2026/10/08 19:19:34.893, P0, 1350, 16.31, 948, 25
2026/10/08 19:19:35.157, P0, 1350, 16.31, 948, 25
2026/10/08 19:19:35.419, P0, 1350, 16.11, 948, 23
2026/10/08 19:19:35.681, P0, 1350, 16.11, 948, 23
2026/10/08 19:19:35.943, P0, 1260, 16.34, 948, 22
2026/10/08 19:19:36.205, P0, 1260, 16.34, 948, 22
2026/10/08 19:19:36.469, P0, 1320, 11.06, 948, 22
2026/10/08 19:19:36.731, P0, 1320, 11.06, 948, 22
2026/10/08 19:19:36.995, P0, 1335, 16.44, 948, 22
2026/10/08 19:19:37.257, P0, 1335, 16.44, 948, 22
2026/10/08 19:19:37.520, P0, 1350, 16.36, 948, 22
2026/10/08 19:19:37.782, P0, 1350, 16.36, 948, 22
2026/10/08 19:19:38.045, P0, 1350, 11.31, 948, 22
2026/10/08 19:19:38.308, P0, 1365, 18.67, 948, 19
2026/10/08 19:19:38.570, P0, 1365, 18.67, 948, 19
2026/10/08 19:19:38.833, P0, 1365, 11.18, 948, 21
2026/10/08 19:19:39.094, P0, 1365, 11.18, 948, 21
2026/10/08 19:19:39.355, P0, 1365, 11.56, 948, 22
2026/10/08 19:19:39.616, P0, 1365, 11.56, 948, 22
2026/10/08 19:19:39.879, P0, 1290, 13.43, 948, 24
2026/10/08 19:19:40.142, P0, 1290, 13.43, 948, 24
2026/10/08 19:19:40.404, P0, 1320, 11.01, 948, 23
2026/10/08 19:19:40.666, P0, 1320, 11.01, 948, 23
2026/10/08 19:19:40.930, P0, 1320, 16.63, 948, 23
2026/10/08 19:19:41.193, P0, 1320, 16.63, 948, 23
2026/10/08 19:19:41.457, P0, 1335, 17.33, 948, 23
2026/10/08 19:19:41.719, P0, 1335, 17.33, 948, 23
2026/10/08 19:19:41.982, P0, 1335, 16.20, 948, 23
2026/10/08 19:19:42.245, P0, 1335, 16.20, 948, 23
2026/10/08 19:19:42.506, P0, 1350, 18.09, 948, 24
2026/10/08 19:19:42.770, P0, 1350, 18.09, 948, 24
2026/10/08 19:19:43.034, P0, 1350, 11.27, 948, 23
2026/10/08 19:19:43.296, P0, 1365, 17.11, 948, 23
2026/10/08 19:19:43.559, P0, 1365, 17.11, 948, 23
2026/10/08 19:19:43.822, P0, 1365, 17.12, 948, 23
2026/10/08 19:19:44.083, P0, 1365, 17.12, 948, 23
2026/10/08 19:19:44.346, P0, 1365, 11.29, 948, 25
2026/10/08 19:19:44.609, P0, 1365, 11.29, 948, 25
2026/10/08 19:19:44.871, P0, 1125, 14.03, 948, 1
2026/10/08 19:19:45.133, P0, 1125, 14.03, 948, 1
2026/10/08 19:19:45.397, P4, 945, 9.03, 948, 0
2026/10/08 19:19:45.659, P4, 945, 9.03, 948, 0
2026/10/08 19:19:45.922, P4, 720, 8.98, 948, 0
2026/10/08 19:19:46.183, P4, 720, 8.98, 948, 0
2026/10/08 19:19:46.446, P4, 600, 8.83, 948, 2
2026/10/08 19:19:46.709, P4, 600, 8.83, 948, 2
2026/10/08 19:19:46.971, P4, 495, 11.05, 948, 56
2026/10/08 19:19:47.233, P4, 495, 11.05, 948, 56
2026/10/08 19:19:47.495, P4, 825, 13.94, 948, 42
2026/10/08 19:19:47.758, P4, 825, 13.94, 948, 42
2026/10/08 19:19:48.020, P4, 975, 13.46, 948, 37
2026/10/08 19:19:48.282, P4, 975, 13.46, 948, 37
2026/10/08 19:19:48.544, P3, 1335, 15.92, 948, 37
2026/10/08 19:19:48.806, P0, 1380, 18.87, 948, 32
2026/10/08 19:19:49.070, P0, 1380, 18.87, 948, 32
2026/10/08 19:19:49.331, P0, 1695, 21.04, 948, 30
2026/10/08 19:19:49.593, P0, 1695, 21.04, 948, 30
2026/10/08 19:19:49.856, P0, 1695, 21.86, 948, 38
2026/10/08 19:19:50.119, P0, 1695, 21.86, 948, 38
2026/10/08 19:19:50.382, P0, 1950, 22.47, 948, 25
2026/10/08 19:19:50.644, P0, 1950, 22.47, 948, 25
2026/10/08 19:19:50.907, P0, 1950, 13.69, 948, 36
2026/10/08 19:19:51.168, P0, 1950, 13.69, 948, 36
2026/10/08 19:19:51.431, P0, 1950, 23.56, 948, 35
2026/10/08 19:19:51.693, P0, 1950, 23.56, 948, 35
2026/10/08 19:19:51.956, P0, 2085, 36.35, 948, 66
2026/10/08 19:19:52.217, P0, 2085, 36.35, 948, 66
2026/10/08 19:19:52.480, P0, 2085, 14.52, 948, 35
2026/10/08 19:19:52.743, P0, 2085, 14.52, 948, 35
2026/10/08 19:19:53.005, P0, 2085, 28.13, 948, 39
2026/10/08 19:19:53.267, P0, 2085, 28.13, 948, 39
2026/10/08 19:19:53.530, P0, 2370, 16.91, 948, 25
2026/10/08 19:19:53.793, P0, 2370, 27.39, 948, 25
2026/10/08 19:19:54.057, P0, 2370, 27.39, 948, 25
2026/10/08 19:19:54.319, P0, 2370, 30.48, 948, 65
2026/10/08 19:19:54.583, P0, 2370, 30.48, 948, 65
2026/10/08 19:19:54.843, P0, 2595, 20.08, 948, 26
2026/10/08 19:19:55.106, P0, 2595, 20.08, 948, 26
2026/10/08 19:19:55.368, P0, 2595, 31.69, 948, 23
2026/10/08 19:19:55.632, P0, 2595, 31.69, 948, 23
2026/10/08 19:19:55.894, P0, 2595, 31.26, 948, 28
2026/10/08 19:19:56.156, P0, 2595, 31.26, 948, 28
2026/10/08 19:19:56.420, P0, 2595, 31.92, 948, 24
2026/10/08 19:19:56.682, P0, 2595, 31.92, 948, 24
2026/10/08 19:19:56.943, P0, 2595, 41.99, 948, 64
2026/10/08 19:19:57.206, P0, 2595, 41.99, 948, 64
2026/10/08 19:19:57.469, P0, 2595, 36.84, 948, 34
2026/10/08 19:19:57.732, P0, 2595, 36.84, 948, 34
2026/10/08 19:19:57.995, P0, 2595, 20.78, 948, 35
2026/10/08 19:19:58.257, P0, 2595, 20.78, 948, 35
2026/10/08 19:19:58.519, P0, 2595, 32.96, 948, 29
2026/10/08 19:19:58.781, P0, 2595, 32.96, 948, 29
2026/10/08 19:19:59.043, P0, 2220, 27.83, 948, 28
2026/10/08 19:19:59.305, P0, 2085, 17.52, 948, 0
2026/10/08 19:19:59.568, P0, 2085, 17.52, 948, 0
2026/10/08 19:19:59.830, P3, 1650, 12.82, 948, 1
2026/10/08 19:20:00.094, P3, 1650, 12.82, 948, 1
2026/10/08 19:20:00.356, P3, 1380, 10.00, 948, 0
2026/10/08 19:20:00.618, P3, 1380, 10.00, 948, 0
2026/10/08 19:20:00.881, P3, 1050, 9.39, 948, 1
2026/10/08 19:20:01.143, P3, 1050, 9.39, 948, 1
2026/10/08 19:20:01.407, P4, 870, 8.99, 948, 1
2026/10/08 19:20:01.669, P4, 870, 8.99, 948, 1
2026/10/08 19:20:01.931, P4, 885, 14.02, 948, 41
2026/10/08 19:20:02.194, P4, 885, 14.02, 948, 41
2026/10/08 19:20:02.455, P3, 1170, 14.34, 948, 30
2026/10/08 19:20:02.717, P3, 1170, 14.34, 948, 30
2026/10/08 19:20:02.979, P0, 1170, 10.70, 948, 38
2026/10/08 19:20:03.242, P0, 1170, 10.70, 948, 38
2026/10/08 19:20:03.504, P0, 1440, 11.50, 948, 38
2026/10/08 19:20:03.766, P0, 1440, 11.50, 948, 38
2026/10/08 19:20:04.028, P0, 1440, 19.70, 948, 35
2026/10/08 19:20:04.289, P0, 1485, 19.90, 948, 38
2026/10/08 19:20:04.553, P0, 1485, 19.90, 948, 38
2026/10/08 19:20:04.815, P0, 1695, 21.90, 948, 37
2026/10/08 19:20:05.077, P0, 1695, 21.90, 948, 37
2026/10/08 19:20:05.340, P0, 1755, 25.12, 948, 44
2026/10/08 19:20:05.603, P0, 1755, 25.12, 948, 44
2026/10/08 19:20:05.866, P0, 1980, 21.57, 948, 27
2026/10/08 19:20:06.129, P0, 1980, 21.57, 948, 27
2026/10/08 19:20:06.393, P0, 1995, 24.17, 948, 34
2026/10/08 19:20:06.656, P0, 1995, 24.17, 948, 34
2026/10/08 19:20:06.918, P0, 2505, 18.39, 948, 23
2026/10/08 19:20:07.182, P0, 2505, 18.39, 948, 23
2026/10/08 19:20:07.443, P0, 2505, 34.21, 948, 33
2026/10/08 19:20:07.705, P0, 2505, 34.21, 948, 33
2026/10/08 19:20:07.968, P0, 2505, 48.97, 948, 65
2026/10/08 19:20:08.231, P0, 2505, 48.97, 948, 65
2026/10/08 19:20:08.493, P0, 2505, 18.95, 948, 33
2026/10/08 19:20:08.756, P0, 2505, 18.95, 948, 33
2026/10/08 19:20:09.018, P0, 2220, 26.37, 948, 21
2026/10/08 19:20:09.281, P0, 2220, 26.37, 948, 21
2026/10/08 19:20:09.544, P0, 2295, 24.83, 948, 23
2026/10/08 19:20:09.806, P0, 2295, 29.32, 948, 34
2026/10/08 19:20:10.069, P0, 2295, 29.32, 948, 34
2026/10/08 19:20:10.332, P0, 2295, 26.85, 948, 28
2026/10/08 19:20:10.593, P0, 2295, 26.85, 948, 28
2026/10/08 19:20:10.856, P0, 2295, 24.11, 948, 25
2026/10/08 19:20:11.119, P0, 2295, 24.11, 948, 25
2026/10/08 19:20:11.380, P0, 2070, 15.70, 948, 25
2026/10/08 19:20:11.643, P0, 2070, 15.70, 948, 25
2026/10/08 19:20:11.906, P0, 2595, 29.29, 948, 28
2026/10/08 19:20:12.168, P0, 2595, 29.29, 948, 28
2026/10/08 19:20:12.430, P0, 2595, 36.00, 948, 33
2026/10/08 19:20:12.693, P0, 2595, 36.00, 948, 33
2026/10/08 19:20:12.956, P0, 2595, 54.17, 948, 67
2026/10/08 19:20:13.219, P0, 2595, 54.17, 948, 67
2026/10/08 19:20:13.480, P0, 2595, 20.38, 948, 25
2026/10/08 19:20:13.741, P0, 2595, 20.38, 948, 25
2026/10/08 19:20:14.003, P0, 2595, 31.65, 948, 23
2026/10/08 19:20:14.266, P0, 2595, 31.65, 948, 23
2026/10/08 19:20:14.528, P0, 2595, 23.41, 948, 0
2026/10/08 19:20:14.789, P0, 2595, 23.41, 948, 0
2026/10/08 19:20:15.053, P3, 1425, 10.47, 948, 1
2026/10/08 19:20:15.316, P3, 1185, 9.67, 948, 0
2026/10/08 19:20:15.578, P3, 1185, 9.67, 948, 0
2026/10/08 19:20:15.842, P4, 900, 8.98, 948, 1
2026/10/08 19:20:16.103, P4, 900, 8.98, 948, 1
2026/10/08 19:20:16.366, P4, 750, 8.92, 948, 0
2026/10/08 19:20:16.628, P4, 750, 8.92, 948, 0
2026/10/08 19:20:16.889, P4, 945, 15.52, 948, 55
2026/10/08 19:20:17.151, P4, 945, 15.52, 948, 55
2026/10/08 19:20:17.412, P4, 930, 15.18, 948, 54
2026/10/08 19:20:17.675, P4, 930, 15.18, 948, 54
2026/10/08 19:20:17.937, P3, 1455, 18.66, 948, 57
2026/10/08 19:20:18.199, P3, 1455, 18.66, 948, 57
2026/10/08 19:20:18.462, P0, 1455, 22.01, 948, 43
2026/10/08 19:20:18.723, P0, 1455, 22.01, 948, 43
2026/10/08 19:20:18.985, P0, 1545, 21.44, 948, 37
2026/10/08 19:20:19.245, P0, 1545, 21.44, 948, 37
2026/10/08 19:20:19.508, P0, 1545, 23.57, 948, 52
2026/10/08 19:20:19.770, P0, 1545, 23.57, 948, 52
2026/10/08 19:20:20.032, P0, 1935, 23.95, 948, 44
2026/10/08 19:20:20.295, P0, 1935, 16.51, 948, 44
2026/10/08 19:20:20.558, P0, 1935, 16.51, 948, 44
2026/10/08 19:20:20.820, P0, 2070, 24.27, 948, 43
2026/10/08 19:20:21.084, P0, 2070, 24.27, 948, 43
2026/10/08 19:20:21.346, P0, 2070, 22.68, 948, 34
2026/10/08 19:20:21.611, P0, 2070, 22.68, 948, 34
2026/10/08 19:20:21.874, P0, 2085, 26.58, 948, 34
2026/10/08 19:20:22.135, P0, 2085, 26.58, 948, 34
2026/10/08 19:20:22.399, P0, 2085, 26.16, 948, 34
2026/10/08 19:20:22.662, P0, 2085, 26.16, 948, 34
2026/10/08 19:20:22.925, P0, 2610, 28.40, 948, 45
2026/10/08 19:20:23.186, P0, 2610, 28.40, 948, 45
2026/10/08 19:20:23.449, P0, 2595, 33.47, 948, 41
2026/10/08 19:20:23.711, P0, 2595, 33.47, 948, 41
2026/10/08 19:20:23.974, P0, 2595, 34.32, 948, 31
2026/10/08 19:20:24.236, P0, 2595, 34.32, 948, 31
2026/10/08 19:20:24.499, P0, 2595, 35.13, 948, 32
2026/10/08 19:20:24.762, P0, 2595, 35.13, 948, 32
2026/10/08 19:20:25.024, P0, 2325, 32.37, 948, 31
2026/10/08 19:20:25.287, P0, 2325, 32.37, 948, 31
2026/10/08 19:20:25.548, P0, 2370, 32.63, 948, 34
2026/10/08 19:20:25.811, P0, 2115, 32.53, 948, 41
2026/10/08 19:20:26.071, P0, 2115, 32.53, 948, 41
2026/10/08 19:20:26.334, P0, 1980, 28.96, 948, 44
2026/10/08 19:20:26.595, P0, 1980, 28.96, 948, 44
2026/10/08 19:20:26.858, P0, 2265, 28.34, 948, 42
2026/10/08 19:20:27.121, P0, 2265, 28.34, 948, 42
2026/10/08 19:20:27.385, P0, 2265, 28.83, 948, 33
2026/10/08 19:20:27.648, P0, 2265, 28.83, 948, 33
2026/10/08 19:20:27.910, P0, 2490, 35.61, 948, 32
2026/10/08 19:20:28.173, P0, 2490, 35.61, 948, 32
2026/10/08 19:20:28.435, P0, 2550, 38.94, 948, 41
2026/10/08 19:20:28.698, P0, 2550, 38.94, 948, 41
2026/10/08 19:20:28.959, P0, 2595, 34.98, 948, 35
2026/10/08 19:20:29.221, P0, 2595, 34.98, 948, 35
2026/10/08 19:20:29.484, P0, 2595, 20.08, 948, 1
2026/10/08 19:20:29.749, P0, 2595, 20.08, 948, 1
2026/10/08 19:20:30.013, P3, 1395, 14.06, 948, 1
2026/10/08 19:20:30.275, P3, 1395, 14.06, 948, 1
2026/10/08 19:20:30.537, P3, 1155, 9.77, 948, 0
2026/10/08 19:20:30.802, P4, 885, 9.08, 948, 1
2026/10/08 19:20:31.067, P4, 885, 9.08, 948, 1
2026/10/08 19:20:31.329, P4, 780, 13.28, 948, 53
2026/10/08 19:20:31.591, P4, 780, 13.28, 948, 53
2026/10/08 19:20:31.853, P3, 1185, 15.30, 948, 52
2026/10/08 19:20:32.116, P3, 1185, 15.30, 948, 52
2026/10/08 19:20:32.378, P3, 1185, 16.88, 948, 47
2026/10/08 19:20:32.640, P3, 1185, 16.88, 948, 47
2026/10/08 19:20:32.903, P0, 1425, 20.46, 948, 44
2026/10/08 19:20:33.166, P0, 1425, 20.46, 948, 44
2026/10/08 19:20:33.428, P0, 1425, 22.62, 948, 54
2026/10/08 19:20:33.690, P0, 1425, 22.62, 948, 54
2026/10/08 19:20:33.953, P0, 1515, 19.74, 948, 38
2026/10/08 19:20:34.217, P0, 1515, 19.74, 948, 38
2026/10/08 19:20:34.481, P0, 1515, 23.83, 948, 49
2026/10/08 19:20:34.743, P0, 1515, 23.83, 948, 49
2026/10/08 19:20:35.005, P0, 1680, 32.20, 948, 46
2026/10/08 19:20:35.267, P0, 1680, 32.20, 948, 46
2026/10/08 19:20:35.530, P0, 1680, 20.06, 948, 36
2026/10/08 19:20:35.792, P0, 1680, 20.06, 948, 36
2026/10/08 19:20:36.053, P0, 1920, 27.12, 948, 46
2026/10/08 19:20:36.317, P0, 2175, 26.08, 948, 45
2026/10/08 19:20:36.580, P0, 2175, 26.08, 948, 45
2026/10/08 19:20:36.842, P0, 2310, 26.68, 948, 43
2026/10/08 19:20:37.105, P0, 2310, 26.68, 948, 43
2026/10/08 19:20:37.366, P0, 2310, 29.74, 948, 33
2026/10/08 19:20:37.628, P0, 2310, 29.74, 948, 33
2026/10/08 19:20:37.892, P0, 2400, 30.62, 948, 32
2026/10/08 19:20:38.154, P0, 2400, 30.62, 948, 32
2026/10/08 19:20:38.416, P0, 2400, 32.67, 948, 41
2026/10/08 19:20:38.679, P0, 2400, 32.67, 948, 41
2026/10/08 19:20:38.942, P0, 2595, 36.65, 948, 47
2026/10/08 19:20:39.205, P0, 2595, 36.65, 948, 47
2026/10/08 19:20:39.467, P0, 2595, 33.80, 948, 41
2026/10/08 19:20:39.729, P0, 2595, 33.80, 948, 41
2026/10/08 19:20:39.993, P0, 2595, 36.14, 948, 40
2026/10/08 19:20:40.254, P0, 2595, 36.14, 948, 40
2026/10/08 19:20:40.516, P0, 2595, 35.21, 948, 31
2026/10/08 19:20:40.778, P0, 2595, 35.21, 948, 31
2026/10/08 19:20:41.040, P0, 2100, 27.23, 948, 27
2026/10/08 19:20:41.303, P0, 2475, 32.31, 948, 32
2026/10/08 19:20:41.565, P0, 2475, 32.31, 948, 32
2026/10/08 19:20:41.827, P0, 2505, 36.27, 948, 41
2026/10/08 19:20:42.089, P0, 2505, 36.27, 948, 41
2026/10/08 19:20:42.353, P0, 2505, 32.99, 948, 35
2026/10/08 19:20:42.616, P0, 2505, 32.99, 948, 35
2026/10/08 19:20:42.879, P0, 2505, 29.96, 948, 21
2026/10/08 19:20:43.142, P0, 2505, 29.96, 948, 21
2026/10/08 19:20:43.404, P0, 2505, 30.72, 948, 23
2026/10/08 19:20:43.666, P0, 2505, 30.72, 948, 23
2026/10/08 19:20:43.927, P0, 1875, 13.50, 948, 30
2026/10/08 19:20:44.189, P0, 1875, 13.50, 948, 30
2026/10/08 19:20:44.451, P0, 1620, 12.13, 948, 0
2026/10/08 19:20:44.713, P0, 1620, 12.13, 948, 0
2026/10/08 19:20:44.977, P3, 1230, 9.65, 948, 1
2026/10/08 19:20:45.242, P3, 1230, 9.65, 948, 1
2026/10/08 19:20:45.505, P4, 1020, 9.12, 948, 1
2026/10/08 19:20:45.768, P4, 1020, 9.12, 948, 1
2026/10/08 19:20:46.032, P4, 780, 14.64, 948, 15
2026/10/08 19:20:46.295, P3, 1110, 12.15, 948, 27
2026/10/08 19:20:46.558, P3, 1110, 12.15, 948, 27
2026/10/08 19:20:46.819, P0, 1110, 18.32, 948, 30
2026/10/08 19:20:47.083, P0, 1110, 18.32, 948, 30
2026/10/08 19:20:47.346, P0, 1230, 17.73, 948, 21
2026/10/08 19:20:47.610, P0, 1230, 17.73, 948, 21
2026/10/08 19:20:47.873, P0, 1230, 16.42, 948, 26
2026/10/08 19:20:48.136, P0, 1230, 16.42, 948, 26
2026/10/08 19:20:48.397, P0, 1290, 16.85, 948, 22
2026/10/08 19:20:48.658, P0, 1290, 16.85, 948, 22
2026/10/08 19:20:48.919, P0, 1290, 15.98, 948, 23
2026/10/08 19:20:49.182, P0, 1290, 15.98, 948, 23
2026/10/08 19:20:49.444, P0, 1335, 18.23, 948, 22
2026/10/08 19:20:49.707, P0, 1335, 18.23, 948, 22
2026/10/08 19:20:49.968, P0, 1335, 25.11, 948, 21
2026/10/08 19:20:50.231, P0, 1335, 25.11, 948, 21
2026/10/08 19:20:50.493, P0, 1350, 16.00, 948, 20
2026/10/08 19:20:50.755, P0, 1350, 16.00, 948, 20
2026/10/08 19:20:51.017, P0, 1350, 18.84, 948, 23
2026/10/08 19:20:51.279, P0, 1350, 18.84, 948, 23
2026/10/08 19:20:51.542, P0, 1365, 18.27, 948, 24
2026/10/08 19:20:51.805, P0, 1365, 16.42, 948, 20
2026/10/08 19:20:52.067, P0, 1365, 16.42, 948, 20
2026/10/08 19:20:52.328, P0, 1365, 22.22, 948, 20
2026/10/08 19:20:52.589, P0, 1365, 22.22, 948, 20
2026/10/08 19:20:52.852, P0, 1365, 15.33, 948, 16
2026/10/08 19:20:53.114, P0, 1365, 15.33, 948, 16
2026/10/08 19:20:53.377, P0, 1305, 16.19, 948, 19
2026/10/08 19:20:53.640, P0, 1305, 16.19, 948, 19
2026/10/08 19:20:53.902, P0, 1305, 15.66, 948, 22
2026/10/08 19:20:54.164, P0, 1305, 15.66, 948, 22
2026/10/08 19:20:54.427, P0, 1350, 14.51, 948, 21
2026/10/08 19:20:54.690, P0, 1350, 14.51, 948, 21
2026/10/08 19:20:54.952, P0, 1350, 18.11, 948, 24
2026/10/08 19:20:55.214, P0, 1350, 18.11, 948, 24
2026/10/08 19:20:55.477, P0, 1365, 16.98, 948, 20
2026/10/08 19:20:55.740, P0, 1365, 16.98, 948, 20
2026/10/08 19:20:56.003, P0, 1365, 15.38, 948, 20
2026/10/08 19:20:56.266, P0, 1365, 15.38, 948, 20
2026/10/08 19:20:56.528, P0, 1365, 17.07, 948, 24
2026/10/08 19:20:56.789, P0, 1365, 17.07, 948, 24
2026/10/08 19:20:57.052, P0, 1365, 18.80, 948, 21
2026/10/08 19:20:57.314, P0, 1305, 16.44, 948, 25
2026/10/08 19:20:57.576, P0, 1305, 16.44, 948, 25
2026/10/08 19:20:57.840, P0, 1305, 15.86, 948, 21
2026/10/08 19:20:58.104, P0, 1305, 15.86, 948, 21
2026/10/08 19:20:58.367, P0, 1320, 17.07, 948, 11
2026/10/08 19:20:58.630, P0, 1320, 17.07, 948, 11
2026/10/08 19:20:58.893, P0, 1320, 11.02, 948, 1
2026/10/08 19:20:59.155, P0, 1320, 11.02, 948, 1
2026/10/08 19:20:59.417, P3, 1320, 9.75, 948, 0
2026/10/08 19:20:59.681, P3, 1320, 9.75, 948, 0
2026/10/08 19:20:59.942, P3, 1320, 9.75, 948, 1
2026/10/08 19:21:00.204, P3, 1320, 9.75, 948, 1
2026/10/08 19:21:00.465, P4, 375, 9.17, 948, 0
2026/10/08 19:21:00.729, P4, 375, 9.17, 948, 0
2026/10/08 19:21:00.993, P4, 285, 9.03, 948, 0
2026/10/08 19:21:01.253, P4, 285, 9.03, 948, 0
2026/10/08 19:21:01.516, P4, 240, 8.73, 948, 2
2026/10/08 19:21:01.780, P4, 240, 8.73, 948, 2
2026/10/08 19:21:02.042, P4, 210, 8.71, 948, 0
2026/10/08 19:21:02.305, P4, 210, 8.74, 948, 2
2026/10/08 19:21:02.566, P4, 210, 8.74, 948, 2
2026/10/08 19:21:02.827, P5, 210, 7.36, 948, 0
2026/10/08 19:21:03.090, P5, 210, 7.36, 948, 0
2026/10/08 19:21:03.351, P5, 210, 7.48, 948, 0
2026/10/08 19:21:03.614, P5, 210, 7.48, 948, 0
2026/10/08 19:21:03.876, P5, 210, 7.42, 948, 4
2026/10/08 19:21:04.137, P5, 210, 7.42, 948, 4
2026/10/08 19:21:04.400, P8, 210, 7.53, 948, 0
2026/10/08 19:21:04.663, P8, 210, 7.53, 948, 0
2026/10/08 19:21:04.926, P8, 210, 4.67, 948, 6
2026/10/08 19:21:05.187, P8, 210, 4.67, 948, 6
2026/10/08 19:21:05.450, P8, 210, 4.65, 948, 0
2026/10/08 19:21:05.713, P8, 210, 4.65, 948, 0
2026/10/08 19:21:05.974, P8, 210, 4.57, 948, 0
2026/10/08 19:21:06.235, P8, 210, 4.57, 948, 0
2026/10/08 19:21:06.496, P8, 210, 4.55, 948, 6
2026/10/08 19:21:06.758, P8, 210, 4.55, 948, 6
2026/10/08 19:21:07.021, P8, 210, 4.57, 948, 0
2026/10/08 19:21:07.283, P8, 210, 4.57, 948, 0
2026/10/08 19:21:07.545, P8, 210, 4.63, 948, 6
2026/10/08 19:21:07.807, P8, 210, 4.56, 948, 0
2026/10/08 19:21:08.070, P8, 210, 4.56, 948, 0
2026/10/08 19:21:08.332, P8, 210, 4.59, 948, 0
2026/10/08 19:21:08.594, P8, 210, 4.59, 948, 0
2026/10/08 19:21:08.856, P8, 210, 4.56, 948, 6
2026/10/08 19:21:09.118, P8, 210, 4.56, 948, 6
2026/10/08 19:21:09.382, P8, 210, 4.56, 948, 0
2026/10/08 19:21:09.646, P8, 210, 4.56, 948, 0
2026/10/08 19:21:09.908, P8, 210, 4.55, 948, 6
2026/10/08 19:21:10.172, P8, 210, 4.55, 948, 6
2026/10/08 19:21:10.436, P8, 210, 4.55, 948, 0
2026/10/08 19:21:10.698, P8, 210, 4.55, 948, 0
2026/10/08 19:21:10.959, P8, 210, 4.59, 948, 1
2026/10/08 19:21:11.222, P8, 210, 4.59, 948, 1
2026/10/08 19:21:11.484, P8, 210, 4.49, 948, 6
2026/10/08 19:21:11.747, P8, 210, 4.49, 948, 6
2026/10/08 19:21:12.010, P8, 210, 4.62, 948, 0
2026/10/08 19:21:12.273, P8, 210, 4.62, 948, 0
2026/10/08 19:21:12.535, P8, 210, 4.62, 948, 6
2026/10/08 19:21:12.797, P8, 210, 4.62, 948, 6
2026/10/08 19:21:13.059, P8, 210, 4.43, 948, 0
2026/10/08 19:21:13.321, P8, 210, 5.89, 948, 92
2026/10/08 19:21:13.584, P8, 210, 5.89, 948, 92
2026/10/08 19:21:13.846, P3, 1890, 12.17, 948, 1
2026/10/08 19:21:14.108, P3, 1890, 12.17, 948, 1
2026/10/08 19:21:14.370, P3, 1890, 11.70, 948, 0
2026/10/08 19:21:14.632, P3, 1890, 11.70, 948, 0
2026/10/08 19:21:14.895, P3, 1890, 11.68, 948, 1
2026/10/08 19:21:15.159, P3, 1890, 11.68, 948, 1
2026/10/08 19:21:15.421, P4, 1890, 11.68, 948, 0
2026/10/08 19:21:15.683, P4, 1890, 11.68, 948, 0
2026/10/08 19:21:15.946, P4, 465, 15.84, 948, 73
2026/10/08 19:21:16.208, P4, 465, 15.84, 948, 73
2026/10/08 19:21:16.470, P3, 2115, 35.31, 948, 44
2026/10/08 19:21:16.734, P3, 2115, 35.31, 948, 44
2026/10/08 19:21:16.996, P0, 2400, 35.29, 948, 39
2026/10/08 19:21:17.259, P0, 2400, 35.29, 948, 39
2026/10/08 19:21:17.520, P0, 2400, 48.91, 948, 42
2026/10/08 19:21:17.781, P0, 2400, 48.91, 948, 42
2026/10/08 19:21:18.043, P0, 2490, 35.43, 948, 41
2026/10/08 19:21:18.304, P0, 2490, 33.72, 948, 42
2026/10/08 19:21:18.566, P0, 2490, 33.72, 948, 42
2026/10/08 19:21:18.828, P0, 2580, 38.22, 948, 42
2026/10/08 19:21:19.091, P0, 2580, 38.22, 948, 42
2026/10/08 19:21:19.354, P0, 2580, 38.51, 948, 39
2026/10/08 19:21:19.619, P0, 2580, 38.51, 948, 39
2026/10/08 19:21:19.881, P0, 2595, 38.70, 948, 40
2026/10/08 19:21:20.144, P0, 2595, 38.70, 948, 40
2026/10/08 19:21:20.407, P0, 2595, 38.58, 948, 40
2026/10/08 19:21:20.668, P0, 2595, 38.58, 948, 40
2026/10/08 19:21:20.930, P0, 2595, 38.76, 948, 41
2026/10/08 19:21:21.193, P0, 2595, 38.76, 948, 41
2026/10/08 19:21:21.456, P0, 2595, 52.65, 948, 41
2026/10/08 19:21:21.719, P0, 2595, 52.65, 948, 41
2026/10/08 19:21:21.983, P0, 2595, 53.44, 948, 41
2026/10/08 19:21:22.245, P0, 2595, 53.44, 948, 41
2026/10/08 19:21:22.505, P0, 2595, 35.74, 948, 39
2026/10/08 19:21:22.768, P0, 2595, 35.74, 948, 39
2026/10/08 19:21:23.030, P0, 2595, 52.24, 948, 38
2026/10/08 19:21:23.293, P0, 2595, 52.24, 948, 38
2026/10/08 19:21:23.555, P0, 2595, 38.69, 948, 38
2026/10/08 19:21:23.817, P0, 2595, 49.10, 948, 40
2026/10/08 19:21:24.079, P0, 2595, 49.10, 948, 40
2026/10/08 19:21:24.343, P0, 2415, 33.24, 948, 38
2026/10/08 19:21:24.603, P0, 2415, 33.24, 948, 38
2026/10/08 19:21:24.866, P0, 2460, 35.56, 948, 42
2026/10/08 19:21:25.129, P0, 2460, 35.56, 948, 42
2026/10/08 19:21:25.391, P0, 2460, 33.38, 948, 41
2026/10/08 19:21:25.653, P0, 2460, 33.38, 948, 41
2026/10/08 19:21:25.917, P0, 2550, 36.84, 948, 39
2026/10/08 19:21:26.177, P0, 2550, 36.84, 948, 39
2026/10/08 19:21:26.439, P0, 2550, 36.62, 948, 39
2026/10/08 19:21:26.701, P0, 2550, 36.62, 948, 39
2026/10/08 19:21:26.965, P0, 2595, 54.23, 948, 38
2026/10/08 19:21:27.228, P0, 2595, 54.23, 948, 38
2026/10/08 19:21:27.490, P0, 2595, 38.20, 948, 41
2026/10/08 19:21:27.752, P0, 2595, 38.20, 948, 41
2026/10/08 19:21:28.015, P0, 2595, 36.96, 948, 37
2026/10/08 19:21:28.277, P0, 2595, 36.96, 948, 37
2026/10/08 19:21:28.539, P0, 2595, 22.28, 948, 10
2026/10/08 19:21:28.800, P0, 2595, 19.76, 948, 0
2026/10/08 19:21:29.061, P0, 2595, 19.76, 948, 0
2026/10/08 19:21:29.323, P3, 1440, 10.19, 948, 0
2026/10/08 19:21:29.585, P3, 1440, 10.19, 948, 0
2026/10/08 19:21:29.847, P3, 1095, 9.62, 948, 1
2026/10/08 19:21:30.109, P3, 1095, 9.62, 948, 1
2026/10/08 19:21:30.372, P4, 915, 9.07, 948, 0
2026/10/08 19:21:30.634, P4, 915, 9.07, 948, 0
2026/10/08 19:21:30.895, P4, 705, 9.05, 948, 1
2026/10/08 19:21:31.157, P4, 705, 9.05, 948, 1
2026/10/08 19:21:31.419, P4, 585, 8.93, 948, 0
2026/10/08 19:21:31.680, P4, 585, 8.93, 948, 0
2026/10/08 19:21:31.941, P4, 450, 8.88, 948, 0
2026/10/08 19:21:32.203, P4, 450, 8.88, 948, 0
2026/10/08 19:21:32.467, P4, 375, 8.85, 948, 2
2026/10/08 19:21:32.729, P4, 375, 8.85, 948, 2
2026/10/08 19:21:32.991, P5, 285, 8.54, 948, 0
2026/10/08 19:21:33.253, P5, 285, 8.54, 948, 0
2026/10/08 19:21:33.515, P5, 240, 7.96, 948, 3
2026/10/08 19:21:33.776, P5, 240, 7.96, 948, 3
2026/10/08 19:21:34.036, P5, 210, 7.55, 948, 0
2026/10/08 19:21:34.298, P5, 210, 7.55, 948, 0
2026/10/08 19:21:34.562, P8, 210, 7.49, 948, 0
2026/10/08 19:21:34.823, P8, 210, 6.18, 948, 6
2026/10/08 19:21:35.085, P8, 210, 6.18, 948, 6
2026/10/08 19:21:35.348, P8, 210, 4.89, 948, 0
2026/10/08 19:21:35.612, P8, 210, 4.89, 948, 0
2026/10/08 19:21:35.874, P8, 210, 4.62, 948, 6
2026/10/08 19:21:36.135, P8, 210, 4.62, 948, 6
2026/10/08 19:21:36.398, P8, 210, 4.60, 948, 0
2026/10/08 19:21:36.661, P8, 210, 4.60, 948, 0
2026/10/08 19:21:36.924, P8, 210, 4.57, 948, 0
2026/10/08 19:21:37.187, P8, 210, 4.57, 948, 0
2026/10/08 19:21:37.450, P8, 210, 4.57, 948, 6
2026/10/08 19:21:37.712, P8, 210, 4.57, 948, 6
2026/10/08 19:21:37.974, P8, 210, 4.60, 948, 0
2026/10/08 19:21:38.237, P8, 210, 4.60, 948, 0
2026/10/08 19:21:38.500, P8, 210, 4.57, 948, 6
2026/10/08 19:21:38.762, P8, 210, 4.57, 948, 6
2026/10/08 19:21:39.024, P8, 210, 4.56, 948, 0
2026/10/08 19:21:39.285, P8, 210, 4.56, 948, 0
2026/10/08 19:21:39.547, P8, 210, 4.57, 948, 0
2026/10/08 19:21:39.809, P8, 210, 4.60, 948, 6
2026/10/08 19:21:40.071, P8, 210, 4.60, 948, 6
2026/10/08 19:21:40.333, P8, 210, 4.60, 948, 0
2026/10/08 19:21:40.594, P8, 210, 4.60, 948, 0
2026/10/08 19:21:40.857, P8, 210, 4.58, 948, 6
2026/10/08 19:21:41.118, P8, 210, 4.58, 948, 6
2026/10/08 19:21:41.379, P8, 210, 4.59, 948, 0
2026/10/08 19:21:41.641, P8, 210, 4.59, 948, 0
2026/10/08 19:21:41.903, P8, 210, 4.61, 948, 0
2026/10/08 19:21:42.165, P8, 210, 4.61, 948, 0
2026/10/08 19:21:42.426, P8, 210, 4.56, 948, 6
2026/10/08 19:21:42.688, P8, 210, 4.56, 948, 6
2026/10/08 19:21:42.950, P8, 210, 4.54, 948, 0
2026/10/08 19:21:43.213, P8, 210, 4.54, 948, 0
2026/10/08 19:21:43.475, P8, 390, 5.59, 948, 96
2026/10/08 19:21:43.738, P8, 390, 5.59, 948, 96
2026/10/08 19:21:43.999, P3, 1890, 9.10, 948, 0
2026/10/08 19:21:44.261, P3, 1890, 9.10, 948, 0
2026/10/08 19:21:44.525, P3, 1890, 11.68, 948, 1
2026/10/08 19:21:44.787, P3, 1890, 11.68, 948, 1
2026/10/08 19:21:45.049, P3, 1890, 11.66, 948, 1
2026/10/08 19:21:45.312, P5, 450, 8.20, 948, 0
2026/10/08 19:21:45.576, P5, 450, 8.20, 948, 0
2026/10/08 19:21:45.837, P4, 1890, 25.40, 948, 68
2026/10/08 19:21:46.103, P4, 1890, 25.40, 948, 68
2026/10/08 19:21:46.365, P4, 2445, 22.35, 948, 23
2026/10/08 19:21:46.627, P4, 2445, 22.35, 948, 23
2026/10/08 19:21:46.888, P3, 2445, 24.25, 948, 17
2026/10/08 19:21:47.151, P3, 2445, 24.25, 948, 17
2026/10/08 19:21:47.413, P0, 2445, 26.32, 948, 18
2026/10/08 19:21:47.675, P0, 2445, 26.32, 948, 18
2026/10/08 19:21:47.936, P0, 2445, 28.41, 948, 14
2026/10/08 19:21:48.198, P0, 2445, 28.41, 948, 14
2026/10/08 19:21:48.461, P0, 1935, 23.94, 948, 18
2026/10/08 19:21:48.726, P0, 1935, 23.94, 948, 18
2026/10/08 19:21:48.988, P0, 1860, 20.16, 948, 16
2026/10/08 19:21:49.251, P0, 1860, 20.16, 948, 16
2026/10/08 19:21:49.514, P0, 1695, 20.85, 948, 21
2026/10/08 19:21:49.777, P0, 1695, 20.85, 948, 21
2026/10/08 19:21:50.038, P0, 1635, 20.46, 948, 18
2026/10/08 19:21:50.301, P0, 1635, 20.46, 948, 18
2026/10/08 19:21:50.562, P0, 1560, 17.88, 948, 21
2026/10/08 19:21:50.823, P0, 1470, 17.97, 948, 22
2026/10/08 19:21:51.084, P0, 1470, 17.97, 948, 22
2026/10/08 19:21:51.346, P0, 1380, 16.21, 948, 20
2026/10/08 19:21:51.608, P0, 1380, 16.21, 948, 20
2026/10/08 19:21:51.871, P0, 1335, 18.00, 948, 28
2026/10/08 19:21:52.135, P0, 1335, 18.00, 948, 28
2026/10/08 19:21:52.396, P0, 1335, 15.47, 948, 25
2026/10/08 19:21:52.658, P0, 1335, 15.47, 948, 25
2026/10/08 19:21:52.920, P0, 1335, 16.77, 948, 20
2026/10/08 19:21:53.182, P0, 1335, 16.77, 948, 20
2026/10/08 19:21:53.445, P0, 1350, 14.13, 948, 24
2026/10/08 19:21:53.706, P0, 1350, 14.13, 948, 24
2026/10/08 19:21:53.969, P0, 1350, 18.20, 948, 24
2026/10/08 19:21:54.232, P0, 1350, 18.20, 948, 24
2026/10/08 19:21:54.493, P0, 1365, 18.44, 948, 24
2026/10/08 19:21:54.755, P0, 1365, 18.44, 948, 24
2026/10/08 19:21:55.018, P0, 1365, 16.90, 948, 23
2026/10/08 19:21:55.281, P0, 1365, 16.90, 948, 23
2026/10/08 19:21:55.544, P0, 1365, 16.93, 948, 19
2026/10/08 19:21:55.806, P0, 1365, 17.07, 948, 22
2026/10/08 19:21:56.070, P0, 1365, 17.07, 948, 22
2026/10/08 19:21:56.332, P0, 1305, 14.64, 948, 21
2026/10/08 19:21:56.594, P0, 1305, 14.64, 948, 21
2026/10/08 19:21:56.856, P0, 1305, 15.79, 948, 23
2026/10/08 19:21:57.117, P0, 1305, 15.79, 948, 23
2026/10/08 19:21:57.382, P0, 1335, 17.77, 948, 21
2026/10/08 19:21:57.645, P0, 1335, 17.77, 948, 21
2026/10/08 19:21:57.906, P0, 1335, 15.34, 948, 19
2026/10/08 19:21:58.168, P0, 1335, 15.34, 948, 19
2026/10/08 19:21:58.430, P0, 1335, 11.16, 948, 1
2026/10/08 19:21:58.692, P0, 1335, 11.16, 948, 1
2026/10/08 19:21:58.954, P3, 1335, 9.91, 948, 0
2026/10/08 19:21:59.216, P3, 1335, 9.91, 948, 0
2026/10/08 19:21:59.479, P4, 615, 9.16, 948, 2
2026/10/08 19:21:59.740, P4, 615, 9.16, 948, 2
2026/10/08 19:22:00.003, P4, 525, 8.89, 948, 0
2026/10/08 19:22:00.266, P4, 525, 8.89, 948, 0
2026/10/08 19:22:00.529, P4, 435, 10.88, 948, 72
2026/10/08 19:22:00.791, P4, 435, 10.88, 948, 72
2026/10/08 19:22:01.054, P4, 780, 15.15, 948, 59
2026/10/08 19:22:01.316, P3, 1110, 13.84, 948, 49
2026/10/08 19:22:01.579, P3, 1110, 13.84, 948, 49
2026/10/08 19:22:01.841, P3, 1140, 15.73, 948, 52
2026/10/08 19:22:02.103, P3, 1140, 15.73, 948, 52
2026/10/08 19:22:02.365, P0, 1395, 11.95, 948, 43
2026/10/08 19:22:02.627, P0, 1395, 11.95, 948, 43
2026/10/08 19:22:02.890, P0, 1440, 18.61, 948, 36
2026/10/08 19:22:03.153, P0, 1440, 18.61, 948, 36
2026/10/08 19:22:03.415, P0, 1725, 19.92, 948, 49
2026/10/08 19:22:03.665, P0, 1725, 19.92, 948, 49
2026/10/08 19:22:03.930, P0, 1725, 24.55, 948, 46
2026/10/08 19:22:04.192, P0, 1725, 24.55, 948, 46
2026/10/08 19:22:04.455, P0, 1995, 27.25, 948, 44
2026/10/08 19:22:04.717, P0, 1995, 27.25, 948, 44
2026/10/08 19:22:04.980, P0, 1995, 22.31, 948, 43
2026/10/08 19:22:05.242, P0, 1995, 22.31, 948, 43
2026/10/08 19:22:05.507, P0, 2160, 29.57, 948, 35
2026/10/08 19:22:05.769, P0, 2160, 29.57, 948, 35
2026/10/08 19:22:06.032, P0, 2160, 14.88, 948, 34
2026/10/08 19:22:06.295, P0, 2160, 14.88, 948, 34
2026/10/08 19:22:06.558, P0, 2160, 25.91, 948, 42
2026/10/08 19:22:06.820, P0, 2550, 31.69, 948, 33
2026/10/08 19:22:07.083, P0, 2550, 31.69, 948, 33
2026/10/08 19:22:07.347, P0, 2550, 38.20, 948, 40
2026/10/08 19:22:07.608, P0, 2550, 38.20, 948, 40
2026/10/08 19:22:07.870, P0, 2550, 32.63, 948, 34
2026/10/08 19:22:08.131, P0, 2550, 32.63, 948, 34
2026/10/08 19:22:08.394, P0, 2550, 34.15, 948, 32
2026/10/08 19:22:08.657, P0, 2550, 34.15, 948, 32
2026/10/08 19:22:08.918, P0, 2100, 25.29, 948, 33
2026/10/08 19:22:09.181, P0, 2100, 25.29, 948, 33
2026/10/08 19:22:09.442, P0, 2010, 25.16, 948, 34
2026/10/08 19:22:09.703, P0, 2010, 25.16, 948, 34
2026/10/08 19:22:09.966, P0, 1890, 24.06, 948, 34
2026/10/08 19:22:10.228, P0, 1890, 24.06, 948, 34
2026/10/08 19:22:10.490, P0, 1830, 27.55, 948, 57
2026/10/08 19:22:10.752, P0, 1830, 27.55, 948, 57
2026/10/08 19:22:11.014, P0, 2355, 32.56, 948, 42
2026/10/08 19:22:11.278, P0, 2355, 32.56, 948, 42
2026/10/08 19:22:11.540, P0, 2430, 39.19, 948, 40
2026/10/08 19:22:11.803, P0, 2430, 39.19, 948, 40
2026/10/08 19:22:12.065, P0, 2595, 36.63, 948, 32
2026/10/08 19:22:12.325, P0, 2595, 34.72, 948, 31
2026/10/08 19:22:12.588, P0, 2595, 34.72, 948, 31
2026/10/08 19:22:12.850, P0, 2595, 27.59, 948, 0
2026/10/08 19:22:13.113, P0, 2595, 27.59, 948, 0
2026/10/08 19:22:13.374, P0, 2595, 19.90, 948, 1
2026/10/08 19:22:13.638, P0, 2595, 19.90, 948, 1
2026/10/08 19:22:13.899, P3, 1365, 10.01, 948, 0
2026/10/08 19:22:14.163, P3, 1365, 10.01, 948, 0
2026/10/08 19:22:14.425, P3, 1035, 9.61, 948, 1
2026/10/08 19:22:14.689, P3, 1035, 9.61, 948, 1
2026/10/08 19:22:14.952, P4, 870, 9.37, 948, 0
2026/10/08 19:22:15.214, P4, 870, 9.37, 948, 0
2026/10/08 19:22:15.476, P4, 855, 8.96, 948, 51
2026/10/08 19:22:15.739, P4, 855, 8.96, 948, 51
2026/10/08 19:22:16.001, P4, 990, 15.09, 948, 49
2026/10/08 19:22:16.264, P4, 990, 15.09, 948, 49
2026/10/08 19:22:16.527, P3, 1215, 16.87, 948, 44
2026/10/08 19:22:16.790, P3, 1215, 16.87, 948, 44
2026/10/08 19:22:17.053, P0, 1230, 20.13, 948, 47
2026/10/08 19:22:17.316, P0, 1530, 26.24, 948, 51
2026/10/08 19:22:17.579, P0, 1530, 26.24, 948, 51
2026/10/08 19:22:17.841, P0, 1590, 24.00, 948, 43
2026/10/08 19:22:18.104, P0, 1590, 24.00, 948, 43
2026/10/08 19:22:18.366, P0, 1590, 21.95, 948, 47
2026/10/08 19:22:18.628, P0, 1590, 21.95, 948, 47
2026/10/08 19:22:18.891, P0, 1710, 22.24, 948, 43
2026/10/08 19:22:19.153, P0, 1710, 22.24, 948, 43
2026/10/08 19:22:19.416, P0, 1965, 24.81, 948, 43
2026/10/08 19:22:19.678, P0, 1965, 24.81, 948, 43
2026/10/08 19:22:19.941, P0, 1965, 25.07, 948, 42
2026/10/08 19:22:20.204, P0, 1965, 25.07, 948, 42
2026/10/08 19:22:20.465, P0, 2115, 14.49, 948, 1
2026/10/08 19:22:20.728, P0, 2115, 14.49, 948, 1
2026/10/08 19:22:20.991, P0, 2115, 29.46, 948, 41
2026/10/08 19:22:21.254, P0, 2115, 29.46, 948, 41
2026/10/08 19:22:21.516, P0, 2115, 26.49, 948, 30
2026/10/08 19:22:21.779, P0, 2115, 26.49, 948, 30
2026/10/08 19:22:22.042, P0, 2595, 39.05, 948, 38
2026/10/08 19:22:22.306, P0, 2595, 39.05, 948, 38
2026/10/08 19:22:22.567, P0, 2595, 33.94, 948, 30
2026/10/08 19:22:22.829, P0, 2595, 30.17, 948, 31
2026/10/08 19:22:23.091, P0, 2595, 30.17, 948, 31
2026/10/08 19:22:23.354, P0, 1980, 20.42, 948, 30
2026/10/08 19:22:23.618, P0, 1980, 20.42, 948, 30
2026/10/08 19:22:23.880, P0, 1920, 24.50, 948, 43
2026/10/08 19:22:24.142, P0, 1920, 24.50, 948, 43
2026/10/08 19:22:24.403, P0, 1935, 22.78, 948, 43
2026/10/08 19:22:24.665, P0, 1935, 22.78, 948, 43
2026/10/08 19:22:24.928, P0, 1935, 24.15, 948, 41
2026/10/08 19:22:25.191, P0, 1935, 24.15, 948, 41
2026/10/08 19:22:25.453, P0, 2595, 29.19, 948, 41
2026/10/08 19:22:25.715, P0, 2595, 29.19, 948, 41
2026/10/08 19:22:25.977, P0, 2595, 33.12, 948, 45
2026/10/08 19:22:26.239, P0, 2595, 33.12, 948, 45
2026/10/08 19:22:26.501, P0, 2595, 35.15, 948, 30
2026/10/08 19:22:26.763, P0, 2595, 35.15, 948, 30
2026/10/08 19:22:27.026, P0, 2595, 29.77, 948, 31
2026/10/08 19:22:27.289, P0, 2595, 29.77, 948, 31
2026/10/08 19:22:27.553, P0, 2595, 31.19, 948, 30
2026/10/08 19:22:27.814, P0, 2595, 20.02, 948, 1
2026/10/08 19:22:28.078, P0, 2595, 20.02, 948, 1
2026/10/08 19:22:28.341, P3, 1545, 19.96, 948, 1
2026/10/08 19:22:28.603, P3, 1545, 19.96, 948, 1
2026/10/08 19:22:28.866, P3, 1290, 9.88, 948, 0
2026/10/08 19:22:29.129, P3, 1290, 9.88, 948, 0
2026/10/08 19:22:29.391, P4, 975, 9.52, 948, 1
2026/10/08 19:22:29.652, P4, 975, 9.52, 948, 1
2026/10/08 19:22:29.915, P4, 810, 9.08, 948, 0
2026/10/08 19:22:30.177, P4, 810, 9.08, 948, 0
2026/10/08 19:22:30.440, P4, 960, 13.46, 948, 35
2026/10/08 19:22:30.704, P4, 960, 13.46, 948, 35
2026/10/08 19:22:30.967, P3, 1140, 12.93, 948, 22
2026/10/08 19:22:31.230, P3, 1140, 12.93, 948, 22
2026/10/08 19:22:31.492, P0, 1245, 16.73, 948, 28
2026/10/08 19:22:31.753, P0, 1245, 16.73, 948, 28
2026/10/08 19:22:32.016, P0, 1440, 20.01, 948, 40
2026/10/08 19:22:32.278, P0, 1440, 20.01, 948, 40
2026/10/08 19:22:32.542, P0, 1455, 19.97, 948, 37
2026/10/08 19:22:32.803, P0, 1455, 19.97, 948, 37
2026/10/08 19:22:33.065, P0, 1455, 16.40, 948, 20
2026/10/08 19:22:33.329, P0, 1635, 19.68, 948, 36
2026/10/08 19:22:33.592, P0, 1635, 19.68, 948, 36
2026/10/08 19:22:33.856, P0, 1875, 22.36, 948, 28
2026/10/08 19:22:34.120, P0, 1875, 22.36, 948, 28
2026/10/08 19:22:34.383, P0, 1875, 22.69, 948, 28
2026/10/08 19:22:34.645, P0, 1875, 22.69, 948, 28
2026/10/08 19:22:34.908, P0, 1965, 14.66, 948, 25
2026/10/08 19:22:35.171, P0, 1965, 14.66, 948, 25
2026/10/08 19:22:35.433, P0, 1965, 22.07, 948, 26
2026/10/08 19:22:35.696, P0, 1965, 22.07, 948, 26
2026/10/08 19:22:35.960, P0, 1965, 20.61, 948, 26
2026/10/08 19:22:36.223, P0, 1965, 20.61, 948, 26
2026/10/08 19:22:36.488, P0, 1965, 33.73, 948, 57
2026/10/08 19:22:36.751, P0, 1965, 33.73, 948, 57
2026/10/08 19:22:37.011, P0, 1905, 21.26, 948, 24
2026/10/08 19:22:37.273, P0, 1905, 21.26, 948, 24
2026/10/08 19:22:37.537, P0, 1785, 20.82, 948, 24
2026/10/08 19:22:37.800, P0, 1785, 20.82, 948, 24
2026/10/08 19:22:38.063, P0, 1740, 20.73, 948, 18
2026/10/08 19:22:38.325, P0, 1635, 20.38, 948, 32
2026/10/08 19:22:38.589, P0, 1635, 20.38, 948, 32
2026/10/08 19:22:38.851, P0, 1605, 17.82, 948, 20
2026/10/08 19:22:39.114, P0, 1605, 17.82, 948, 20
2026/10/08 19:22:39.377, P0, 1515, 17.05, 948, 23
2026/10/08 19:22:39.638, P0, 1515, 17.05, 948, 23
2026/10/08 19:22:39.903, P0, 1530, 19.30, 948, 33
2026/10/08 19:22:40.165, P0, 1530, 19.30, 948, 33
2026/10/08 19:22:40.428, P0, 2295, 22.56, 948, 18
2026/10/08 19:22:40.690, P0, 2295, 22.56, 948, 18
2026/10/08 19:22:40.951, P0, 2295, 46.92, 948, 32
2026/10/08 19:22:41.213, P0, 2295, 46.92, 948, 32
2026/10/08 19:22:41.475, P0, 2295, 30.23, 948, 64
2026/10/08 19:22:41.738, P0, 2295, 30.23, 948, 64
2026/10/08 19:22:42.000, P0, 2295, 23.46, 948, 19
2026/10/08 19:22:42.263, P0, 2295, 23.46, 948, 19
2026/10/08 19:22:42.525, P0, 1950, 20.09, 948, 21
2026/10/08 19:22:42.788, P0, 1950, 20.09, 948, 21
2026/10/08 19:22:43.050, P3, 1770, 11.85, 948, 1
2026/10/08 19:22:43.312, P3, 1350, 11.06, 948, 0
2026/10/08 19:22:43.576, P3, 1350, 11.06, 948, 0
2026/10/08 19:22:43.837, P3, 1125, 9.58, 948, 0
2026/10/08 19:22:44.098, P3, 1125, 9.58, 948, 0
2026/10/08 19:22:44.359, P4, 855, 9.26, 948, 1
2026/10/08 19:22:44.622, P4, 855, 9.26, 948, 1
2026/10/08 19:22:44.885, P4, 720, 9.65, 948, 42
2026/10/08 19:22:45.149, P4, 720, 9.65, 948, 42
2026/10/08 19:22:45.412, P4, 1005, 11.60, 948, 36
2026/10/08 19:22:45.675, P4, 1005, 11.60, 948, 36
2026/10/08 19:22:45.938, P3, 1215, 15.11, 948, 33
2026/10/08 19:22:46.201, P3, 1215, 15.11, 948, 33
2026/10/08 19:22:46.462, P0, 1275, 17.89, 948, 33
2026/10/08 19:22:46.723, P0, 1275, 17.89, 948, 33
2026/10/08 19:22:46.985, P0, 1410, 11.21, 948, 30
2026/10/08 19:22:47.249, P0, 1410, 11.21, 948, 30
2026/10/08 19:22:47.511, P0, 1455, 18.06, 948, 22
2026/10/08 19:22:47.773, P0, 1455, 18.06, 948, 22
2026/10/08 19:22:48.036, P0, 1620, 20.77, 948, 35
2026/10/08 19:22:48.298, P0, 1620, 20.77, 948, 35
2026/10/08 19:22:48.560, P0, 1650, 14.48, 948, 41
2026/10/08 19:22:48.823, P0, 1800, 23.72, 948, 34
2026/10/08 19:22:49.085, P0, 1800, 23.72, 948, 34
2026/10/08 19:22:49.347, P0, 1800, 22.46, 948, 36
2026/10/08 19:22:49.607, P0, 1800, 22.46, 948, 36
2026/10/08 19:22:49.871, P0, 2040, 21.36, 948, 26
2026/10/08 19:22:50.134, P0, 2040, 21.36, 948, 26
2026/10/08 19:22:50.395, P0, 2040, 23.59, 948, 23
2026/10/08 19:22:50.658, P0, 2040, 23.59, 948, 23
2026/10/08 19:22:50.919, P0, 2220, 29.55, 948, 37
2026/10/08 19:22:51.182, P0, 2220, 29.55, 948, 37
2026/10/08 19:22:51.444, P0, 2595, 22.43, 948, 23
2026/10/08 19:22:51.708, P0, 2595, 22.43, 948, 23
2026/10/08 19:22:51.970, P0, 2595, 36.16, 948, 33
2026/10/08 19:22:52.234, P0, 2595, 36.16, 948, 33
2026/10/08 19:22:52.498, P0, 2595, 33.09, 948, 26
2026/10/08 19:22:52.760, P0, 2595, 33.09, 948, 26
2026/10/08 19:22:53.021, P0, 2595, 31.20, 948, 29
2026/10/08 19:22:53.284, P0, 2595, 31.20, 948, 29
2026/10/08 19:22:53.546, P0, 1995, 22.37, 948, 26
2026/10/08 19:22:53.809, P0, 1995, 22.37, 948, 26
2026/10/08 19:22:54.070, P0, 1920, 13.75, 948, 26
2026/10/08 19:22:54.331, P0, 1815, 23.24, 948, 26
2026/10/08 19:22:54.592, P0, 1815, 23.24, 948, 26
2026/10/08 19:22:54.853, P0, 1785, 34.09, 948, 71
2026/10/08 19:22:55.115, P0, 1785, 34.09, 948, 71
2026/10/08 19:22:55.377, P0, 2580, 36.04, 948, 33
2026/10/08 19:22:55.639, P0, 2580, 36.04, 948, 33
2026/10/08 19:22:55.900, P0, 2595, 35.79, 948, 32
2026/10/08 19:22:56.163, P0, 2595, 35.79, 948, 32
2026/10/08 19:22:56.427, P0, 2595, 32.50, 948, 24
2026/10/08 19:22:56.690, P0, 2595, 32.50, 948, 24
2026/10/08 19:22:56.953, P0, 2595, 21.69, 948, 26
2026/10/08 19:22:57.215, P0, 2595, 21.69, 948, 26
2026/10/08 19:22:57.478, P0, 2595, 19.96, 948, 0
2026/10/08 19:22:57.740, P0, 2595, 19.96, 948, 0
2026/10/08 19:22:58.004, P0, 2595, 19.83, 948, 1
2026/10/08 19:22:58.266, P0, 2595, 19.83, 948, 1
2026/10/08 19:22:58.529, P3, 1245, 10.08, 948, 0
2026/10/08 19:22:58.790, P3, 1245, 10.08, 948, 0
2026/10/08 19:22:59.052, P3, 1035, 9.46, 948, 1
2026/10/08 19:22:59.314, P4, 795, 9.06, 948, 1
2026/10/08 19:22:59.576, P4, 795, 9.06, 948, 1
2026/10/08 19:22:59.838, P4, 705, 14.93, 948, 55
2026/10/08 19:23:00.099, P4, 705, 14.93, 948, 55
2026/10/08 19:23:00.361, P3, 1035, 15.20, 948, 50
2026/10/08 19:23:00.624, P3, 1035, 15.20, 948, 50
2026/10/08 19:23:00.886, P3, 1035, 9.81, 948, 46
2026/10/08 19:23:01.149, P3, 1035, 9.81, 948, 46
2026/10/08 19:23:01.410, P0, 1290, 20.86, 948, 46
2026/10/08 19:23:01.672, P0, 1290, 20.86, 948, 46
2026/10/08 19:23:01.935, P0, 1455, 19.45, 948, 51
2026/10/08 19:23:02.198, P0, 1455, 19.45, 948, 51
2026/10/08 19:23:02.462, P0, 1695, 13.22, 948, 44
2026/10/08 19:23:02.725, P0, 1695, 13.22, 948, 44
2026/10/08 19:23:02.988, P3, 1770, 21.31, 948, 49
2026/10/08 19:23:03.250, P3, 1770, 21.31, 948, 49
2026/10/08 19:23:03.511, P0, 2145, 16.61, 948, 42
2026/10/08 19:23:03.772, P0, 2145, 16.61, 948, 42
2026/10/08 19:23:04.034, P0, 2145, 31.53, 948, 43
2026/10/08 19:23:04.296, P0, 2145, 31.53, 948, 43
2026/10/08 19:23:04.557, P0, 2280, 28.77, 948, 41
2026/10/08 19:23:04.819, P0, 2280, 16.59, 948, 0
2026/10/08 19:23:05.082, P0, 2280, 16.59, 948, 0
2026/10/08 19:23:05.344, P0, 2280, 27.83, 948, 42
2026/10/08 19:23:05.607, P0, 2280, 27.83, 948, 42
2026/10/08 19:23:05.868, P0, 2040, 15.26, 948, 34
2026/10/08 19:23:06.130, P0, 2040, 15.26, 948, 34
2026/10/08 19:23:06.392, P0, 2460, 35.75, 948, 41
2026/10/08 19:23:06.655, P0, 2460, 35.75, 948, 41
2026/10/08 19:23:06.916, P0, 2460, 32.64, 948, 32
2026/10/08 19:23:07.179, P0, 2460, 32.64, 948, 32
2026/10/08 19:23:07.443, P0, 2460, 31.80, 948, 31
2026/10/08 19:23:07.704, P0, 2460, 31.80, 948, 31
2026/10/08 19:23:07.965, P0, 2460, 27.83, 948, 30
2026/10/08 19:23:08.226, P0, 2460, 27.83, 948, 30
2026/10/08 19:23:08.489, P0, 2100, 27.82, 948, 42
2026/10/08 19:23:08.751, P0, 2100, 27.82, 948, 42
2026/10/08 19:23:09.014, P0, 1980, 26.11, 948, 43
2026/10/08 19:23:09.276, P0, 1980, 26.11, 948, 43
2026/10/08 19:23:09.540, P0, 1905, 23.28, 948, 43
2026/10/08 19:23:09.804, P0, 1905, 23.28, 948, 43
2026/10/08 19:23:10.066, P0, 2100, 28.91, 948, 43
2026/10/08 19:23:10.328, P0, 2220, 25.50, 948, 49
2026/10/08 19:23:10.590, P0, 2220, 25.50, 948, 49
2026/10/08 19:23:10.852, P0, 2235, 28.72, 948, 32
2026/10/08 19:23:11.115, P0, 2235, 28.72, 948, 32
2026/10/08 19:23:11.377, P0, 2235, 28.48, 948, 34
2026/10/08 19:23:11.640, P0, 2235, 28.48, 948, 34
2026/10/08 19:23:11.902, P0, 2235, 27.20, 948, 33
2026/10/08 19:23:12.164, P0, 2235, 27.20, 948, 33
2026/10/08 19:23:12.426, P0, 1695, 15.81, 948, 0
2026/10/08 19:23:12.689, P0, 1695, 15.81, 948, 0
2026/10/08 19:23:12.952, P0, 1485, 11.61, 948, 1
2026/10/08 19:23:13.215, P0, 1485, 11.61, 948, 1
2026/10/08 19:23:13.478, P3, 1125, 9.72, 948, 0
2026/10/08 19:23:13.739, P3, 1125, 9.72, 948, 0
2026/10/08 19:23:14.001, P4, 945, 9.14, 948, 1
2026/10/08 19:23:14.265, P4, 945, 9.14, 948, 1
2026/10/08 19:23:14.528, P4, 720, 9.35, 948, 0
2026/10/08 19:23:14.789, P4, 720, 9.35, 948, 0
2026/10/08 19:23:15.052, P4, 945, 13.33, 948, 36
2026/10/08 19:23:15.313, P3, 1125, 14.68, 948, 28
2026/10/08 19:23:15.576, P3, 1125, 14.68, 948, 28
2026/10/08 19:23:15.838, P0, 1335, 16.70, 948, 30
2026/10/08 19:23:16.101, P0, 1335, 16.70, 948, 30
2026/10/08 19:23:16.363, P0, 1335, 18.30, 948, 33
2026/10/08 19:23:16.625, P0, 1335, 18.30, 948, 33
2026/10/08 19:23:16.887, P0, 1650, 25.95, 948, 21
2026/10/08 19:23:17.150, P0, 1650, 25.95, 948, 21
2026/10/08 19:23:17.414, P0, 1650, 18.73, 948, 30
2026/10/08 19:23:17.677, P0, 1650, 18.73, 948, 30
2026/10/08 19:23:17.939, P0, 1800, 31.03, 948, 32
2026/10/08 19:23:18.202, P0, 1800, 31.03, 948, 32
2026/10/08 19:23:18.463, P0, 1830, 19.24, 948, 19
2026/10/08 19:23:18.725, P0, 1830, 19.24, 948, 19
2026/10/08 19:23:18.989, P0, 1875, 24.49, 948, 33
2026/10/08 19:23:19.250, P0, 1875, 24.49, 948, 33
2026/10/08 19:23:19.514, P0, 1965, 24.04, 948, 26
2026/10/08 19:23:19.776, P0, 1965, 24.04, 948, 26
2026/10/08 19:23:20.039, P0, 1965, 24.76, 948, 24
2026/10/08 19:23:20.304, P0, 1965, 24.76, 948, 24
2026/10/08 19:23:20.568, P0, 1965, 21.74, 948, 26
2026/10/08 19:23:20.830, P0, 1965, 33.26, 948, 59
2026/10/08 19:23:21.094, P0, 1965, 33.26, 948, 59
2026/10/08 19:23:21.357, P0, 2145, 21.15, 948, 21
2026/10/08 19:23:21.618, P0, 2145, 21.15, 948, 21
2026/10/08 19:23:21.880, P0, 2145, 24.30, 948, 25
2026/10/08 19:23:22.143, P0, 2145, 24.30, 948, 25
2026/10/08 19:23:22.407, P0, 2145, 23.51, 948, 16
2026/10/08 19:23:22.670, P0, 2145, 23.51, 948, 16
2026/10/08 19:23:22.931, P0, 2010, 20.53, 948, 19
2026/10/08 19:23:23.194, P0, 2010, 20.53, 948, 19
2026/10/08 19:23:23.458, P0, 1860, 31.07, 948, 17
2026/10/08 19:23:23.720, P0, 1860, 31.07, 948, 17
2026/10/08 19:23:23.982, P0, 1815, 22.90, 948, 25
2026/10/08 19:23:24.245, P0, 1815, 22.90, 948, 25
2026/10/08 19:23:24.507, P0, 1710, 17.04, 948, 16
2026/10/08 19:23:24.769, P0, 1710, 17.04, 948, 16
2026/10/08 19:23:25.032, P0, 2400, 28.97, 948, 28
2026/10/08 19:23:25.294, P0, 2400, 28.97, 948, 28
2026/10/08 19:23:25.556, P0, 2490, 28.77, 948, 24
2026/10/08 19:23:25.819, P0, 2490, 28.60, 948, 40
2026/10/08 19:23:26.083, P0, 2490, 28.60, 948, 40
2026/10/08 19:23:26.344, P0, 2490, 29.28, 948, 20
2026/10/08 19:23:26.606, P0, 2490, 29.28, 948, 20
2026/10/08 19:23:26.869, P0, 2490, 30.20, 948, 18
2026/10/08 19:23:27.132, P0, 2490, 30.20, 948, 18
2026/10/08 19:23:27.395, P0, 1770, 16.85, 948, 1
2026/10/08 19:23:27.657, P0, 1770, 16.85, 948, 1
2026/10/08 19:23:27.920, P3, 1470, 10.58, 948, 1
2026/10/08 19:23:28.183, P3, 1470, 10.58, 948, 1
2026/10/08 19:23:28.444, P3, 1125, 10.12, 948, 0
2026/10/08 19:23:28.707, P3, 1125, 10.12, 948, 0
2026/10/08 19:23:28.970, P4, 930, 9.67, 948, 1
2026/10/08 19:23:29.233, P4, 930, 9.67, 948, 1
2026/10/08 19:23:29.495, P4, 810, 13.36, 948, 40
2026/10/08 19:23:29.758, P4, 810, 13.36, 948, 40
2026/10/08 19:23:30.021, P4, 1020, 14.07, 948, 35
2026/10/08 19:23:30.283, P4, 1020, 14.07, 948, 35
2026/10/08 19:23:30.547, P3, 1185, 14.49, 948, 25
2026/10/08 19:23:30.808, P3, 1185, 14.49, 948, 25
2026/10/08 19:23:31.071, P0, 1485, 16.63, 948, 20
2026/10/08 19:23:31.333, P0, 1605, 17.43, 948, 23
2026/10/08 19:23:31.594, P0, 1605, 17.43, 948, 23
2026/10/08 19:23:31.855, P0, 1605, 19.84, 948, 26
2026/10/08 19:23:32.117, P0, 1605, 19.84, 948, 26
2026/10/08 19:23:32.381, P0, 1665, 20.96, 948, 33
2026/10/08 19:23:32.643, P0, 1665, 20.96, 948, 33
2026/10/08 19:23:32.906, P0, 1785, 19.64, 948, 26
2026/10/08 19:23:33.169, P0, 1785, 19.64, 948, 26
2026/10/08 19:23:33.432, P0, 2010, 20.58, 948, 23
2026/10/08 19:23:33.694, P0, 2010, 20.58, 948, 23
2026/10/08 19:23:33.956, P0, 2010, 21.65, 948, 24
2026/10/08 19:23:34.218, P0, 2010, 21.65, 948, 24
2026/10/08 19:23:34.480, P0, 2010, 25.04, 948, 18
2026/10/08 19:23:34.741, P0, 2010, 25.04, 948, 18
2026/10/08 19:23:35.003, P0, 2010, 22.99, 948, 18
2026/10/08 19:23:35.265, P0, 2010, 22.99, 948, 18
2026/10/08 19:23:35.527, P0, 1860, 23.23, 948, 29
2026/10/08 19:23:35.791, P0, 1860, 23.23, 948, 29
2026/10/08 19:23:36.054, P0, 2085, 17.51, 948, 9
2026/10/08 19:23:36.316, P0, 2085, 24.42, 948, 29
2026/10/08 19:23:36.580, P0, 2085, 24.42, 948, 29
2026/10/08 19:23:36.841, P0, 2085, 19.26, 948, 15
2026/10/08 19:23:37.104, P0, 2085, 19.26, 948, 15
2026/10/08 19:23:37.366, P0, 2175, 26.23, 948, 15
2026/10/08 19:23:37.628, P0, 2175, 26.23, 948, 15
2026/10/08 19:23:37.891, P0, 2175, 25.40, 948, 15
2026/10/08 19:23:38.153, P0, 2175, 25.40, 948, 15
2026/10/08 19:23:38.415, P0, 2175, 40.16, 948, 17
2026/10/08 19:23:38.678, P0, 2175, 40.16, 948, 17
2026/10/08 19:23:38.941, P0, 2175, 18.73, 948, 12
2026/10/08 19:23:39.206, P0, 2175, 18.73, 948, 12
2026/10/08 19:23:39.471, P0, 2505, 36.36, 948, 61
2026/10/08 19:23:39.733, P0, 2505, 36.36, 948, 61
2026/10/08 19:23:39.996, P0, 2505, 31.82, 948, 18
2026/10/08 19:23:40.258, P0, 2505, 31.82, 948, 18
2026/10/08 19:23:40.520, P0, 2505, 35.54, 948, 37
2026/10/08 19:23:40.782, P0, 2505, 35.54, 948, 37
2026/10/08 19:23:41.046, P0, 2595, 28.47, 948, 17
2026/10/08 19:23:41.308, P0, 2595, 28.47, 948, 17
2026/10/08 19:23:41.570, P0, 2595, 26.28, 948, 15
2026/10/08 19:23:41.833, P0, 2595, 19.67, 948, 0
2026/10/08 19:23:42.094, P0, 2595, 19.67, 948, 0
2026/10/08 19:23:42.356, P3, 1635, 19.75, 948, 1
2026/10/08 19:23:42.617, P3, 1635, 19.75, 948, 1
2026/10/08 19:23:42.880, P3, 1365, 10.06, 948, 0
2026/10/08 19:23:43.141, P3, 1365, 10.06, 948, 0
2026/10/08 19:23:43.404, P3, 1035, 9.56, 948, 0
2026/10/08 19:23:43.666, P3, 1035, 9.56, 948, 0
2026/10/08 19:23:43.928, P4, 870, 9.16, 948, 1
2026/10/08 19:23:44.190, P4, 870, 9.16, 948, 1
2026/10/08 19:23:44.451, P4, 975, 17.57, 948, 43
2026/10/08 19:23:44.714, P4, 975, 17.57, 948, 43
2026/10/08 19:23:44.976, P3, 1200, 22.34, 948, 39
2026/10/08 19:23:45.238, P3, 1200, 22.34, 948, 39
2026/10/08 19:23:45.500, P0, 1365, 17.81, 948, 44
2026/10/08 19:23:45.764, P0, 1365, 17.81, 948, 44
2026/10/08 19:23:46.026, P0, 1440, 20.31, 948, 38
2026/10/08 19:23:46.288, P0, 1440, 20.31, 948, 38
2026/10/08 19:23:46.550, P0, 1710, 21.11, 948, 42
2026/10/08 19:23:46.812, P0, 1710, 21.11, 948, 42
2026/10/08 19:23:47.074, P0, 1710, 21.15, 948, 35
2026/10/08 19:23:47.337, P0, 1905, 24.44, 948, 42
2026/10/08 19:23:47.597, P0, 1905, 24.44, 948, 42
2026/10/08 19:23:47.860, P0, 1950, 24.19, 948, 34
2026/10/08 19:23:48.122, P0, 1950, 24.19, 948, 34
2026/10/08 19:23:48.384, P0, 2040, 34.06, 948, 39
2026/10/08 19:23:48.646, P0, 2040, 34.06, 948, 39
2026/10/08 19:23:48.909, P0, 2055, 22.54, 948, 28
2026/10/08 19:23:49.170, P0, 2055, 22.54, 948, 28
2026/10/08 19:23:49.433, P0, 2055, 25.40, 948, 33
2026/10/08 19:23:49.696, P0, 2055, 25.40, 948, 33
2026/10/08 19:23:49.960, P0, 2055, 25.20, 948, 35
2026/10/08 19:23:50.223, P0, 2055, 25.20, 948, 35
2026/10/08 19:23:50.486, P0, 2055, 26.43, 948, 38
2026/10/08 19:23:50.749, P0, 2055, 26.43, 948, 38
2026/10/08 19:23:51.012, P0, 2220, 29.46, 948, 33
2026/10/08 19:23:51.274, P0, 2220, 29.46, 948, 33
2026/10/08 19:23:51.536, P0, 2220, 38.23, 948, 34
2026/10/08 19:23:51.798, P0, 2220, 38.23, 948, 34
2026/10/08 19:23:52.061, P0, 2220, 29.08, 948, 37
2026/10/08 19:23:52.323, P0, 1860, 25.40, 948, 30
2026/10/08 19:23:52.586, P0, 1860, 25.40, 948, 30
2026/10/08 19:23:52.849, P0, 1800, 24.23, 948, 38
2026/10/08 19:23:53.111, P0, 1800, 24.23, 948, 38
2026/10/08 19:23:53.373, P0, 1770, 24.01, 948, 36
2026/10/08 19:23:53.635, P0, 1770, 24.01, 948, 36
2026/10/08 19:23:53.897, P0, 1770, 24.39, 948, 39
2026/10/08 19:23:54.159, P0, 1770, 24.39, 948, 39
2026/10/08 19:23:54.421, P0, 2325, 19.07, 948, 31
2026/10/08 19:23:54.683, P0, 2325, 19.07, 948, 31
2026/10/08 19:23:54.946, P0, 2460, 30.56, 948, 33
2026/10/08 19:23:55.208, P0, 2460, 30.56, 948, 33
2026/10/08 19:23:55.472, P0, 2430, 31.80, 948, 34
2026/10/08 19:23:55.735, P0, 2430, 31.80, 948, 34
2026/10/08 19:23:55.997, P0, 2460, 32.55, 948, 33
2026/10/08 19:23:56.262, P0, 2460, 32.55, 948, 33
2026/10/08 19:23:56.525, P0, 2460, 31.71, 948, 32
2026/10/08 19:23:56.788, P0, 2460, 31.71, 948, 32
2026/10/08 19:23:57.050, P0, 1890, 23.86, 948, 36
2026/10/08 19:23:57.313, P0, 1890, 23.86, 948, 36
2026/10/08 19:23:57.574, P3, 1500, 12.09, 948, 1
2026/10/08 19:23:57.835, P3, 1245, 9.88, 948, 0
2026/10/08 19:23:58.096, P3, 1245, 9.88, 948, 0
2026/10/08 19:23:58.359, P4, 945, 9.42, 948, 1
2026/10/08 19:23:58.621, P4, 945, 9.42, 948, 1
2026/10/08 19:23:58.884, P4, 795, 8.99, 948, 1
2026/10/08 19:23:59.146, P4, 795, 8.99, 948, 1
2026/10/08 19:23:59.408, P4, 870, 13.99, 948, 39
2026/10/08 19:23:59.670, P4, 870, 13.99, 948, 39
2026/10/08 19:23:59.934, P3, 1110, 13.78, 948, 31
2026/10/08 19:24:00.196, P3, 1110, 13.78, 948, 31
2026/10/08 19:24:00.459, P0, 1125, 20.02, 948, 44
2026/10/08 19:24:00.722, P0, 1125, 20.02, 948, 44
2026/10/08 19:24:00.985, P0, 1365, 11.77, 948, 33
2026/10/08 19:24:01.249, P0, 1365, 11.77, 948, 33
2026/10/08 19:24:01.510, P0, 1455, 19.56, 948, 29
2026/10/08 19:24:01.773, P0, 1455, 19.56, 948, 29
2026/10/08 19:24:02.036, P0, 1650, 23.59, 948, 40
2026/10/08 19:24:02.297, P0, 1650, 23.59, 948, 40
2026/10/08 19:24:02.560, P0, 1800, 23.84, 948, 34
2026/10/08 19:24:02.823, P0, 2040, 26.48, 948, 34
2026/10/08 19:24:03.085, P0, 2040, 26.48, 948, 34
2026/10/08 19:24:03.348, P0, 2040, 26.46, 948, 35
2026/10/08 19:24:03.608, P0, 2040, 26.46, 948, 35
2026/10/08 19:24:03.872, P0, 2115, 25.03, 948, 30
2026/10/08 19:24:04.135, P0, 2115, 25.03, 948, 30
2026/10/08 19:24:04.398, P0, 2115, 24.88, 948, 37
2026/10/08 19:24:04.661, P0, 2115, 24.88, 948, 37
2026/10/08 19:24:04.923, P0, 2115, 23.13, 948, 25
2026/10/08 19:24:05.186, P0, 2115, 23.13, 948, 25
2026/10/08 19:24:05.449, P0, 2505, 26.84, 948, 36
2026/10/08 19:24:05.712, P0, 2505, 26.84, 948, 36
2026/10/08 19:24:05.976, P0, 2505, 29.33, 948, 33
2026/10/08 19:24:06.238, P0, 2505, 29.33, 948, 33
2026/10/08 19:24:06.501, P0, 2505, 30.95, 948, 27
2026/10/08 19:24:06.763, P0, 2505, 30.95, 948, 27
2026/10/08 19:24:07.025, P0, 2505, 35.52, 948, 36
2026/10/08 19:24:07.288, P0, 2505, 35.52, 948, 36
2026/10/08 19:24:07.551, P0, 2100, 15.82, 948, 26
2026/10/08 19:24:07.813, P0, 2100, 15.82, 948, 26
2026/10/08 19:24:08.076, P0, 2025, 25.09, 948, 28
2026/10/08 19:24:08.339, P0, 1905, 24.54, 948, 41
2026/10/08 19:24:08.601, P0, 1905, 24.54, 948, 41
2026/10/08 19:24:08.862, P0, 1845, 14.27, 948, 35
2026/10/08 19:24:09.125, P0, 1845, 14.27, 948, 35
2026/10/08 19:24:09.388, P0, 2340, 31.55, 948, 33
2026/10/08 19:24:09.650, P0, 2340, 31.55, 948, 33
2026/10/08 19:24:09.913, P0, 2490, 32.26, 948, 30
2026/10/08 19:24:10.175, P0, 2490, 32.26, 948, 30
2026/10/08 19:24:10.438, P0, 2595, 34.09, 948, 26
2026/10/08 19:24:10.701, P0, 2595, 34.09, 948, 26
2026/10/08 19:24:10.963, P0, 2595, 32.74, 948, 40
2026/10/08 19:24:11.226, P0, 2595, 32.74, 948, 40
2026/10/08 19:24:11.488, P0, 2595, 21.47, 948, 27
2026/10/08 19:24:11.750, P0, 2595, 21.47, 948, 27
2026/10/08 19:24:12.011, P0, 2595, 20.07, 948, 0
2026/10/08 19:24:12.274, P0, 2595, 20.07, 948, 0
2026/10/08 19:24:12.538, P3, 1380, 10.60, 948, 1
2026/10/08 19:24:12.799, P3, 1380, 10.60, 948, 1
2026/10/08 19:24:13.061, P3, 1155, 9.60, 948, 0
2026/10/08 19:24:13.322, P4, 885, 9.05, 948, 1
2026/10/08 19:24:13.583, P4, 885, 9.05, 948, 1
2026/10/08 19:24:13.846, P4, 795, 10.26, 948, 44
2026/10/08 19:24:14.109, P4, 795, 10.26, 948, 44
2026/10/08 19:24:14.371, P4, 990, 9.01, 948, 40
2026/10/08 19:24:14.634, P4, 990, 9.01, 948, 40
2026/10/08 19:24:14.897, P3, 1140, 14.35, 948, 39
2026/10/08 19:24:15.159, P3, 1140, 14.35, 948, 39
2026/10/08 19:24:15.421, P0, 1320, 17.54, 948, 36
2026/10/08 19:24:15.683, P0, 1320, 17.54, 948, 36
2026/10/08 19:24:15.945, P0, 1500, 19.39, 948, 49
2026/10/08 19:24:16.210, P0, 1500, 19.39, 948, 49
2026/10/08 19:24:16.471, P0, 1680, 20.05, 948, 42
2026/10/08 19:24:16.732, P0, 1680, 20.05, 948, 42
2026/10/08 19:24:16.994, P0, 1680, 21.99, 948, 40
2026/10/08 19:24:17.255, P0, 1680, 21.99, 948, 40
2026/10/08 19:24:17.517, P0, 1830, 22.81, 948, 40
2026/10/08 19:24:17.780, P0, 1830, 22.81, 948, 40
2026/10/08 19:24:18.042, P0, 1905, 25.69, 948, 37
2026/10/08 19:24:18.304, P0, 1905, 25.69, 948, 37
2026/10/08 19:24:18.566, P0, 1935, 23.31, 948, 38
2026/10/08 19:24:18.828, P0, 1935, 23.17, 948, 26
2026/10/08 19:24:19.092, P0, 1935, 23.17, 948, 26
2026/10/08 19:24:19.354, P3, 1935, 24.03, 948, 42
2026/10/08 19:24:19.615, P3, 1935, 24.03, 948, 42
2026/10/08 19:24:19.879, P0, 2070, 23.68, 948, 28
2026/10/08 19:24:20.143, P0, 2070, 23.68, 948, 28
2026/10/08 19:24:20.405, P0, 2295, 24.56, 948, 37
2026/10/08 19:24:20.670, P0, 2295, 24.56, 948, 37
2026/10/08 19:24:20.934, P0, 2295, 28.83, 948, 28
2026/10/08 19:24:21.195, P0, 2295, 28.83, 948, 28
2026/10/08 19:24:21.457, P0, 2295, 29.65, 948, 27
2026/10/08 19:24:21.720, P0, 2295, 29.65, 948, 27
2026/10/08 19:24:21.982, P0, 2295, 27.53, 948, 28
2026/10/08 19:24:22.245, P0, 2295, 27.53, 948, 28
2026/10/08 19:24:22.508, P0, 1995, 28.30, 948, 41
2026/10/08 19:24:22.769, P0, 1995, 28.30, 948, 41
2026/10/08 19:24:23.032, P0, 1905, 25.20, 948, 38
2026/10/08 19:24:23.293, P0, 1905, 25.20, 948, 38
2026/10/08 19:24:23.556, P0, 1815, 26.25, 948, 44
2026/10/08 19:24:23.819, P0, 1815, 26.25, 948, 44
2026/10/08 19:24:24.081, P0, 2205, 28.97, 948, 42
2026/10/08 19:24:24.343, P0, 2205, 33.29, 948, 43
2026/10/08 19:24:24.605, P0, 2205, 33.29, 948, 43
2026/10/08 19:24:24.869, P0, 2220, 41.93, 948, 32
2026/10/08 19:24:25.133, P0, 2220, 41.93, 948, 32
2026/10/08 19:24:25.396, P0, 2430, 34.09, 948, 29
2026/10/08 19:24:25.659, P0, 2430, 34.09, 948, 29
2026/10/08 19:24:25.921, P0, 2430, 31.48, 948, 28
2026/10/08 19:24:26.182, P0, 2430, 31.48, 948, 28
2026/10/08 19:24:26.443, P0, 2430, 25.41, 948, 17
2026/10/08 19:24:26.705, P0, 2430, 25.41, 948, 17
2026/10/08 19:24:26.969, P0, 1515, 11.66, 948, 1
2026/10/08 19:24:27.231, P0, 1515, 11.66, 948, 1
2026/10/08 19:24:27.493, P3, 1155, 9.63, 948, 0
2026/10/08 19:24:27.757, P3, 1155, 9.63, 948, 0
2026/10/08 19:24:28.020, P4, 960, 9.39, 948, 0
2026/10/08 19:24:28.283, P4, 960, 9.39, 948, 0
2026/10/08 19:24:28.545, P4, 735, 9.66, 948, 27
2026/10/08 19:24:28.807, P4, 735, 9.66, 948, 27
2026/10/08 19:24:29.070, P3, 1095, 13.54, 948, 46
2026/10/08 19:24:29.332, P0, 1230, 16.97, 948, 29
2026/10/08 19:24:29.595, P0, 1230, 16.97, 948, 29
2026/10/08 19:24:29.858, P0, 1230, 15.31, 948, 23
2026/10/08 19:24:30.120, P0, 1230, 15.31, 948, 23
2026/10/08 19:24:30.382, P0, 1290, 30.73, 948, 27
2026/10/08 19:24:30.645, P0, 1290, 30.73, 948, 27
2026/10/08 19:24:30.907, P0, 1290, 24.02, 948, 23
2026/10/08 19:24:31.170, P0, 1290, 24.02, 948, 23
2026/10/08 19:24:31.433, P0, 1305, 16.01, 948, 25
2026/10/08 19:24:31.694, P0, 1305, 16.01, 948, 25
2026/10/08 19:24:31.957, P0, 1305, 18.91, 948, 23
2026/10/08 19:24:32.219, P0, 1305, 18.91, 948, 23
2026/10/08 19:24:32.481, P0, 1335, 17.96, 948, 24
2026/10/08 19:24:32.745, P0, 1335, 17.96, 948, 24
2026/10/08 19:24:33.005, P0, 1335, 28.60, 948, 24
2026/10/08 19:24:33.266, P0, 1335, 28.60, 948, 24
2026/10/08 19:24:33.527, P0, 1335, 17.81, 948, 21
2026/10/08 19:24:33.791, P0, 1335, 17.81, 948, 21
2026/10/08 19:24:34.056, P0, 1335, 15.81, 948, 23
2026/10/08 19:24:34.320, P0, 1335, 15.81, 948, 23
2026/10/08 19:24:34.583, P0, 1335, 17.88, 948, 25
2026/10/08 19:24:34.847, P0, 1335, 18.18, 948, 21
2026/10/08 19:24:35.109, P0, 1335, 18.18, 948, 21
2026/10/08 19:24:35.372, P0, 1305, 27.40, 948, 24
2026/10/08 19:24:35.634, P0, 1305, 27.40, 948, 24
2026/10/08 19:24:35.896, P0, 1305, 16.62, 948, 24
2026/10/08 19:24:36.158, P0, 1305, 16.62, 948, 24
2026/10/08 19:24:36.419, P0, 1335, 15.52, 948, 23
2026/10/08 19:24:36.681, P0, 1335, 15.52, 948, 23
2026/10/08 19:24:36.945, P0, 1335, 29.40, 948, 22
2026/10/08 19:24:37.207, P0, 1335, 29.40, 948, 22
2026/10/08 19:24:37.468, P0, 1335, 17.14, 948, 21
2026/10/08 19:24:37.731, P0, 1335, 17.14, 948, 21
2026/10/08 19:24:37.993, P0, 1335, 23.11, 948, 23
2026/10/08 19:24:38.257, P0, 1335, 23.11, 948, 23
2026/10/08 19:24:38.519, P0, 1350, 16.30, 948, 22
2026/10/08 19:24:38.781, P0, 1350, 16.30, 948, 22
2026/10/08 19:24:39.042, P0, 1350, 16.16, 948, 21
2026/10/08 19:24:39.303, P0, 1350, 16.16, 948, 21
2026/10/08 19:24:39.565, P0, 1365, 29.82, 948, 22
2026/10/08 19:24:39.827, P0, 1365, 15.46, 948, 19
2026/10/08 19:24:40.090, P0, 1365, 15.46, 948, 19
2026/10/08 19:24:40.352, P0, 1365, 15.69, 948, 23
2026/10/08 19:24:40.615, P0, 1365, 15.69, 948, 23
2026/10/08 19:24:40.876, P0, 1365, 11.48, 948, 3
2026/10/08 19:24:41.138, P0, 1365, 11.48, 948, 3
2026/10/08 19:24:41.400, P0, 1110, 10.65, 948, 1
2026/10/08 19:24:41.661, P0, 1110, 10.65, 948, 1
2026/10/08 19:24:41.922, P4, 930, 8.97, 948, 0
2026/10/08 19:24:42.185, P4, 930, 8.97, 948, 0
2026/10/08 19:24:42.447, P4, 705, 8.94, 948, 0
2026/10/08 19:24:42.709, P4, 705, 8.94, 948, 0
2026/10/08 19:24:42.971, P4, 585, 8.89, 948, 2
2026/10/08 19:24:43.233, P4, 585, 8.89, 948, 2
2026/10/08 19:24:43.496, P4, 450, 8.82, 948, 0
2026/10/08 19:24:43.757, P4, 450, 8.82, 948, 0
2026/10/08 19:24:44.021, P4, 375, 8.81, 948, 2
2026/10/08 19:24:44.284, P4, 375, 8.81, 948, 2
2026/10/08 19:24:44.546, P4, 285, 8.80, 948, 0
2026/10/08 19:24:44.811, P4, 285, 8.80, 948, 0
2026/10/08 19:24:45.073, P4, 240, 8.78, 948, 2
2026/10/08 19:24:45.335, P5, 210, 8.24, 948, 3
2026/10/08 19:24:45.598, P5, 210, 8.24, 948, 3
2026/10/08 19:24:45.861, P5, 210, 7.24, 948, 0
2026/10/08 19:24:46.123, P5, 210, 7.24, 948, 0
2026/10/08 19:24:46.385, P5, 210, 6.59, 948, 3
2026/10/08 19:24:46.647, P5, 210, 6.59, 948, 3
2026/10/08 19:24:46.910, P8, 210, 6.72, 948, 0
2026/10/08 19:24:47.173, P8, 210, 6.72, 948, 0
2026/10/08 19:24:47.435, P8, 210, 5.37, 948, 4
2026/10/08 19:24:47.697, P8, 210, 5.37, 948, 4
2026/10/08 19:24:47.960, P8, 210, 4.12, 948, 6
2026/10/08 19:24:48.224, P8, 210, 4.12, 948, 6
2026/10/08 19:24:48.489, P8, 210, 3.84, 948, 0
2026/10/08 19:24:48.750, P8, 210, 3.84, 948, 0
2026/10/08 19:24:49.013, P8, 210, 3.89, 948, 6
2026/10/08 19:24:49.273, P8, 210, 3.89, 948, 6
2026/10/08 19:24:49.536, P8, 210, 3.89, 948, 0
2026/10/08 19:24:49.797, P8, 210, 3.89, 948, 0
2026/10/08 19:24:50.060, P8, 210, 3.82, 948, 6
2026/10/08 19:24:50.321, P8, 210, 3.82, 948, 6
2026/10/08 19:24:50.584, P8, 210, 3.82, 948, 6
2026/10/08 19:24:50.847, P8, 210, 3.90, 948, 0
2026/10/08 19:24:51.110, P8, 210, 3.90, 948, 0
2026/10/08 19:24:51.373, P8, 210, 3.93, 948, 6
2026/10/08 19:24:51.634, P8, 210, 3.93, 948, 6
2026/10/08 19:24:51.895, P8, 210, 3.81, 948, 0
2026/10/08 19:24:52.156, P8, 210, 3.81, 948, 0
2026/10/08 19:24:52.418, P8, 210, 3.80, 948, 6
2026/10/08 19:24:52.681, P8, 210, 3.80, 948, 6
2026/10/08 19:24:52.943, P8, 210, 3.82, 948, 6
2026/10/08 19:24:53.204, P8, 210, 3.82, 948, 6
2026/10/08 19:24:53.466, P8, 210, 3.86, 948, 0
2026/10/08 19:24:53.728, P8, 210, 3.86, 948, 0
2026/10/08 19:24:53.988, P8, 210, 3.85, 948, 6
2026/10/08 19:24:54.249, P8, 210, 3.85, 948, 6
2026/10/08 19:24:54.511, P8, 210, 3.82, 948, 0
2026/10/08 19:24:54.774, P8, 210, 3.82, 948, 0
2026/10/08 19:24:55.037, P8, 210, 3.83, 948, 6
2026/10/08 19:24:55.299, P8, 210, 3.83, 948, 6
2026/10/08 19:24:55.562, P8, 210, 3.88, 948, 6
2026/10/08 19:24:55.824, P8, 210, 3.88, 948, 6
2026/10/08 19:24:56.087, P8, 210, 4.59, 948, 98
2026/10/08 19:24:56.349, P3, 1500, 8.14, 948, 1
2026/10/08 19:24:56.611, P3, 1500, 8.14, 948, 1
2026/10/08 19:24:56.874, P3, 1500, 10.72, 948, 0
2026/10/08 19:24:57.136, P3, 1500, 10.72, 948, 0
2026/10/08 19:24:57.399, P3, 1500, 10.23, 948, 1
2026/10/08 19:24:57.660, P3, 1500, 10.23, 948, 1
2026/10/08 19:24:57.923, P4, 1500, 10.22, 948, 1
2026/10/08 19:24:58.186, P4, 1500, 10.22, 948, 1
2026/10/08 19:24:58.449, P5, 270, 8.27, 948, 0
2026/10/08 19:24:58.711, P5, 270, 8.27, 948, 0
2026/10/08 19:24:58.973, P5, 225, 8.23, 948, 3
2026/10/08 19:24:59.235, P5, 225, 8.23, 948, 3
2026/10/08 19:24:59.498, P5, 210, 7.48, 948, 0
2026/10/08 19:24:59.759, P5, 210, 7.48, 948, 0
2026/10/08 19:25:00.022, P5, 210, 7.13, 948, 3
2026/10/08 19:25:00.283, P5, 210, 7.13, 948, 3
2026/10/08 19:25:00.545, P8, 210, 4.53, 948, 1
2026/10/08 19:25:00.807, P8, 210, 4.53, 948, 1
2026/10/08 19:25:01.069, P8, 210, 4.45, 948, 0
2026/10/08 19:25:01.332, P8, 210, 4.51, 948, 6
2026/10/08 19:25:01.594, P8, 210, 4.51, 948, 6
2026/10/08 19:25:01.855, P8, 210, 4.30, 948, 0
2026/10/08 19:25:02.118, P8, 210, 4.30, 948, 0
2026/10/08 19:25:02.380, P8, 210, 4.61, 948, 6
2026/10/08 19:25:02.644, P8, 210, 4.61, 948, 6
2026/10/08 19:25:02.906, P8, 210, 4.61, 948, 0
2026/10/08 19:25:03.168, P8, 210, 4.61, 948, 0
2026/10/08 19:25:03.430, P8, 210, 4.58, 948, 0
2026/10/08 19:25:03.692, P8, 210, 4.58, 948, 0
2026/10/08 19:25:03.956, P8, 210, 4.49, 948, 6
2026/10/08 19:25:04.220, P8, 210, 4.49, 948, 6
2026/10/08 19:25:04.483, P8, 210, 4.54, 948, 0
2026/10/08 19:25:04.746, P8, 210, 4.54, 948, 0
2026/10/08 19:25:05.008, P8, 210, 4.62, 948, 6
2026/10/08 19:25:05.270, P8, 210, 4.62, 948, 6
2026/10/08 19:25:05.533, P8, 210, 4.59, 948, 0
2026/10/08 19:25:05.795, P8, 210, 4.59, 948, 0
2026/10/08 19:25:06.058, P8, 210, 4.49, 948, 0
2026/10/08 19:25:06.320, P8, 210, 4.49, 948, 0
2026/10/08 19:25:06.581, P8, 210, 4.60, 948, 6
2026/10/08 19:25:06.843, P8, 210, 4.61, 948, 0
2026/10/08 19:25:07.107, P8, 210, 4.61, 948, 0
2026/10/08 19:25:07.369, P8, 210, 4.74, 948, 6
2026/10/08 19:25:07.631, P8, 210, 4.74, 948, 6
2026/10/08 19:25:07.894, P8, 210, 5.23, 948, 0
2026/10/08 19:25:08.156, P8, 210, 5.23, 948, 0
2026/10/08 19:25:08.417, P8, 210, 4.56, 948, 0
2026/10/08 19:25:08.678, P8, 210, 4.56, 948, 0
2026/10/08 19:25:08.941, P8, 210, 4.63, 948, 6
2026/10/08 19:25:09.203, P8, 210, 4.63, 948, 6
2026/10/08 19:25:09.465, P8, 210, 4.48, 948, 0
2026/10/08 19:25:09.727, P8, 210, 4.48, 948, 0
2026/10/08 19:25:09.989, P8, 210, 4.59, 948, 6
2026/10/08 19:25:10.251, P8, 210, 4.59, 948, 6
2026/10/08 19:25:10.513, P8, 210, 4.62, 948, 0
2026/10/08 19:25:10.775, P8, 210, 4.62, 948, 0
2026/10/08 19:25:11.038, P8, 345, 5.18, 948, 97
2026/10/08 19:25:11.299, P8, 345, 5.18, 948, 97
2026/10/08 19:25:11.561, P3, 1605, 10.62, 948, 1
2026/10/08 19:25:11.822, P3, 1605, 10.62, 948, 1
2026/10/08 19:25:12.085, P3, 1605, 10.52, 948, 0
2026/10/08 19:25:12.344, P3, 1605, 10.54, 948, 1
2026/10/08 19:25:12.606, P3, 1605, 10.54, 948, 1
2026/10/08 19:25:12.869, P3, 1605, 10.53, 948, 0
2026/10/08 19:25:13.131, P3, 1605, 10.53, 948, 0
2026/10/08 19:25:13.394, P4, 330, 13.40, 948, 88
2026/10/08 19:25:13.658, P4, 330, 13.40, 948, 88
2026/10/08 19:25:13.922, P3, 2430, 25.92, 948, 30
2026/10/08 19:25:14.185, P3, 2430, 25.92, 948, 30
2026/10/08 19:25:14.448, P0, 2490, 27.94, 948, 23
2026/10/08 19:25:14.710, P0, 2490, 27.94, 948, 23
2026/10/08 19:25:14.974, P0, 2490, 27.32, 948, 22
2026/10/08 19:25:15.235, P0, 2490, 27.32, 948, 22
2026/10/08 19:25:15.498, P0, 2505, 31.83, 948, 21
2026/10/08 19:25:15.758, P0, 2505, 31.83, 948, 21
2026/10/08 19:25:16.019, P0, 2505, 34.11, 948, 25
2026/10/08 19:25:16.283, P0, 2505, 34.11, 948, 25
2026/10/08 19:25:16.546, P0, 2550, 31.46, 948, 20
2026/10/08 19:25:16.808, P0, 2550, 31.46, 948, 20
2026/10/08 19:25:17.072, P0, 2550, 33.46, 948, 23
2026/10/08 19:25:17.334, P0, 2565, 32.05, 948, 21
2026/10/08 19:25:17.595, P0, 2565, 32.05, 948, 21
2026/10/08 19:25:17.859, P0, 2565, 33.93, 948, 24
2026/10/08 19:25:18.122, P0, 2565, 33.93, 948, 24
2026/10/08 19:25:18.383, P0, 2565, 34.13, 948, 23
2026/10/08 19:25:18.646, P0, 2565, 34.13, 948, 23
2026/10/08 19:25:18.909, P0, 2595, 34.36, 948, 26
2026/10/08 19:25:19.170, P0, 2595, 34.36, 948, 26
2026/10/08 19:25:19.433, P0, 2595, 31.32, 948, 24
2026/10/08 19:25:19.696, P0, 2595, 31.32, 948, 24
2026/10/08 19:25:19.958, P0, 2595, 35.08, 948, 21
2026/10/08 19:25:20.221, P0, 2595, 35.08, 948, 21
2026/10/08 19:25:20.484, P0, 2595, 36.64, 948, 24
2026/10/08 19:25:20.747, P0, 2595, 36.64, 948, 24
2026/10/08 19:25:21.010, P0, 2505, 31.40, 948, 24
2026/10/08 19:25:21.273, P0, 2505, 31.40, 948, 24
2026/10/08 19:25:21.534, P0, 2505, 29.40, 948, 26
2026/10/08 19:25:21.795, P0, 2505, 29.40, 948, 26
2026/10/08 19:25:22.058, P0, 2565, 32.31, 948, 23
2026/10/08 19:25:22.320, P0, 2565, 32.31, 948, 23
2026/10/08 19:25:22.583, P0, 2565, 35.45, 948, 27
2026/10/08 19:25:22.847, P0, 2595, 35.87, 948, 24
2026/10/08 19:25:23.109, P0, 2595, 35.87, 948, 24
2026/10/08 19:25:23.372, P0, 2595, 33.15, 948, 22
2026/10/08 19:25:23.634, P0, 2595, 33.15, 948, 22
2026/10/08 19:25:23.898, P0, 2595, 36.22, 948, 26
2026/10/08 19:25:24.160, P0, 2595, 36.22, 948, 26
2026/10/08 19:25:24.424, P0, 2595, 35.86, 948, 22
2026/10/08 19:25:24.686, P0, 2595, 35.86, 948, 22
2026/10/08 19:25:24.950, P0, 2595, 29.97, 948, 23
2026/10/08 19:25:25.214, P0, 2595, 29.97, 948, 23
2026/10/08 19:25:25.478, P0, 2595, 33.31, 948, 22
2026/10/08 19:25:25.740, P0, 2595, 33.31, 948, 22
2026/10/08 19:25:26.001, P0, 2595, 19.56, 948, 1
2026/10/08 19:25:26.263, P0, 2595, 19.56, 948, 1
2026/10/08 19:25:26.526, P0, 2595, 20.08, 948, 1
2026/10/08 19:25:26.790, P0, 2595, 20.08, 948, 1
2026/10/08 19:25:27.053, P3, 2595, 17.68, 948, 0
2026/10/08 19:25:27.313, P3, 2595, 17.68, 948, 0
2026/10/08 19:25:27.575, P3, 2595, 17.83, 948, 1
2026/10/08 19:25:27.838, P4, 630, 8.97, 948, 0
2026/10/08 19:25:28.099, P4, 630, 8.97, 948, 0
2026/10/08 19:25:28.363, P4, 720, 14.71, 948, 57
2026/10/08 19:25:28.628, P4, 720, 14.71, 948, 57
2026/10/08 19:25:28.892, P3, 1065, 16.14, 948, 43
2026/10/08 19:25:29.155, P3, 1065, 16.14, 948, 43
2026/10/08 19:25:29.417, P0, 1260, 17.59, 948, 36
2026/10/08 19:25:29.680, P0, 1260, 17.59, 948, 36
2026/10/08 19:25:29.942, P0, 1260, 16.99, 948, 37
2026/10/08 19:25:30.206, P0, 1260, 16.99, 948, 37
2026/10/08 19:25:30.470, P0, 1305, 17.76, 948, 34
2026/10/08 19:25:30.733, P0, 1305, 17.76, 948, 34
2026/10/08 19:25:30.994, P0, 1305, 17.20, 948, 36
2026/10/08 19:25:31.258, P0, 1305, 17.20, 948, 36
2026/10/08 19:25:31.519, P0, 1335, 19.27, 948, 36
2026/10/08 19:25:31.782, P0, 1335, 19.27, 948, 36
2026/10/08 19:25:32.045, P0, 1335, 18.21, 948, 36
2026/10/08 19:25:32.308, P0, 1335, 18.21, 948, 36
2026/10/08 19:25:32.573, P0, 1350, 20.55, 948, 38
2026/10/08 19:25:32.835, P0, 1350, 11.25, 948, 35
2026/10/08 19:25:33.096, P0, 1350, 11.25, 948, 35
2026/10/08 19:25:33.359, P0, 1365, 17.67, 948, 36
2026/10/08 19:25:33.621, P0, 1365, 17.67, 948, 36
2026/10/08 19:25:33.883, P0, 1365, 20.46, 948, 36
2026/10/08 19:25:34.144, P0, 1365, 20.46, 948, 36
2026/10/08 19:25:34.406, P0, 1365, 18.24, 948, 36
2026/10/08 19:25:34.668, P0, 1365, 18.24, 948, 36
2026/10/08 19:25:34.931, P0, 1365, 20.26, 948, 36
2026/10/08 19:25:35.193, P0, 1365, 20.26, 948, 36
2026/10/08 19:25:35.456, P0, 1335, 11.24, 948, 36
2026/10/08 19:25:35.717, P0, 1335, 11.24, 948, 36
2026/10/08 19:25:35.978, P0, 1335, 18.58, 948, 38
2026/10/08 19:25:36.239, P0, 1335, 18.58, 948, 38
2026/10/08 19:25:36.501, P0, 1365, 20.46, 948, 39
2026/10/08 19:25:36.762, P0, 1365, 20.46, 948, 39
2026/10/08 19:25:37.025, P0, 1365, 11.41, 948, 35
2026/10/08 19:25:37.289, P0, 1365, 11.41, 948, 35
2026/10/08 19:25:37.553, P0, 1380, 17.68, 948, 37
2026/10/08 19:25:37.815, P0, 1380, 17.68, 948, 37
2026/10/08 19:25:38.077, P0, 1380, 19.66, 948, 35
2026/10/08 19:25:38.339, P0, 1380, 19.44, 948, 37
2026/10/08 19:25:38.602, P0, 1380, 19.44, 948, 37
2026/10/08 19:25:38.866, P0, 1380, 17.82, 948, 36
2026/10/08 19:25:39.129, P0, 1380, 17.82, 948, 36
2026/10/08 19:25:39.391, P0, 1335, 18.63, 948, 36
2026/10/08 19:25:39.652, P0, 1335, 18.63, 948, 36
2026/10/08 19:25:39.913, P0, 1335, 17.99, 948, 38
2026/10/08 19:25:40.174, P0, 1335, 17.99, 948, 38
2026/10/08 19:25:40.436, P0, 1350, 16.43, 948, 36
2026/10/08 19:25:40.699, P0, 1350, 16.43, 948, 36
2026/10/08 19:25:40.961, P3, 1350, 11.10, 948, 1
2026/10/08 19:25:41.224, P3, 1350, 11.10, 948, 1
